date,customer_id,installment_amount
2024-12-31,1,182.15
2024-12-31,3,231.97
2024-12-31,4,287.21
2024-12-31,5,303.54
2024-12-31,8,309.91
2024-12-31,10,439.34
2024-12-31,11,158.34
2024-12-31,12,321.78
2024-12-31,14,335.41
2024-12-31,16,297.54
2024-12-31,18,287.09
2024-12-31,20,563.77
2024-12-31,21,246.58
2024-12-31,22,454.23
2024-12-31,23,195.55
2024-12-31,27,395.5
2024-12-31,29,403.6
2024-12-31,31,272.48
2024-12-31,37,249.79
2024-12-31,38,520.02
2024-12-31,39,494.3
2024-12-31,42,568.65
2024-12-31,43,303.11
2024-12-31,44,249.45
2024-12-31,45,185.64
2024-12-31,48,513.5
2024-12-31,53,128.58
2024-12-31,57,179.1
2024-12-31,60,184.72
2024-12-31,61,343.91
2024-12-31,62,364.59
2024-12-31,64,260.82
2024-12-31,65,410.49
2024-12-31,67,220.82
2024-12-31,69,296.79
2024-12-31,75,124.99
2024-12-31,76,325.69
2024-12-31,81,279.02
2024-12-31,83,205.46
2024-12-31,85,391.26
2024-12-31,87,212.42
2024-12-31,88,371.64
2024-12-31,90,496.15
2024-12-31,92,353.01
2024-12-31,93,279.04
2024-12-31,94,286.09
2024-12-31,96,488.33
2024-12-31,99,271.24
2024-12-31,100,264.35
2024-12-31,103,234.26
2024-12-31,104,324.09
2024-12-31,105,393.32
2024-12-31,106,85.24
2024-12-31,107,396.02
2024-12-31,109,354.29
2024-12-31,113,509.55
2024-12-31,115,160.83
2024-12-31,118,594.74
2024-12-31,119,276.58
2024-12-31,120,360.21
2024-12-31,121,240.41
2024-12-31,122,268.7
2024-12-31,124,491.98
2024-12-31,129,265.03
2024-12-31,131,593.91
2024-12-31,133,513.33
2024-12-31,134,233.33
2024-12-31,135,145.57
2024-12-31,141,495.61
2024-12-31,142,441.14
2024-12-31,145,307.72
2024-12-31,147,157.17
2024-12-31,149,364.58
2024-12-31,151,306.8
2024-12-31,154,233.6
2024-12-31,155,340.1
2024-12-31,158,193.88
2024-12-31,159,428.79
2024-12-31,160,705.93
2024-12-31,161,162.56
2024-12-31,163,458.93
2024-12-31,165,243.44
2024-12-31,167,169.08
2024-12-31,168,162.52
2024-12-31,169,385.7
2024-12-31,170,143.1
2024-12-31,171,463.55
2024-12-31,172,185.99
2024-12-31,174,157.05
2024-12-31,175,287.7
2024-12-31,178,211.2
2024-12-31,179,973.78
2024-12-31,180,417.66
2024-12-31,182,95.82
2024-12-31,183,810.35
2024-12-31,184,268.44
2024-12-31,186,268.46
2024-12-31,189,388.83
2024-12-31,190,388.58
2024-12-31,192,540.32
2024-12-31,194,407.96
2024-12-31,200,230.87
2024-12-31,201,284.69
2024-12-31,205,183.83
2024-12-31,206,204.9
2024-12-31,207,375.74
2024-12-31,208,783.29
2024-12-31,212,485.19
2024-12-31,216,407.2
2024-12-31,217,343.4
2024-12-31,218,413.73
2024-12-31,220,200.13
2024-12-31,225,191.34
2024-12-31,227,267.65
2024-12-31,229,396.1
2024-12-31,230,999.97
2024-12-31,231,244.06
2024-12-31,232,186.11
2024-12-31,233,386.23
2024-12-31,234,645.99
2024-12-31,237,213.05
2024-12-31,238,405.58
2024-12-31,239,323.37
2024-12-31,240,265.64
2024-12-31,242,636.22
2024-12-31,244,485.53
2024-12-31,245,186.82
2024-12-31,246,214.08
2024-12-31,251,702.45
2024-12-31,252,807.95
2024-12-31,253,1105.32
2024-12-31,255,498.75
2024-12-31,263,159.54
2024-12-31,264,261.26
2024-12-31,266,288.76
2024-12-31,268,239.32
2024-12-31,269,295.23
2024-12-31,270,502.29
2024-12-31,273,362.25
2024-12-31,274,245.01
2024-12-31,275,406.41
2024-12-31,281,284.32
2024-12-31,283,87.13
2024-12-31,284,104.57
2024-12-31,285,138.3
2024-12-31,288,197.65
2024-12-31,289,262.58
2024-12-31,290,169.05
2024-12-31,291,455.67
2024-12-31,297,197.19
2024-12-31,300,343.52
2024-12-31,301,276.04
2024-12-31,302,456.12
2024-12-31,304,384.5
2024-12-31,305,256.36
2024-12-31,306,432.74
2024-12-31,307,385.03
2024-12-31,312,390.13
2024-12-31,314,267.1
2024-12-31,315,307.94
2024-12-31,317,499.44
2024-12-31,320,262.39
2024-12-31,321,344.21
2024-12-31,322,295.1
2024-12-31,326,237.59
2024-12-31,328,377.41
2024-12-31,330,178.08
2024-12-31,332,549.46
2024-12-31,334,330.4
2024-12-31,336,599.11
2024-12-31,338,242.74
2024-12-31,339,313.79
2024-12-31,342,321.65
2024-12-31,343,298.42
2024-12-31,344,296.03
2024-12-31,345,347.84
2024-12-31,349,340.56
2024-12-31,350,337.84
2024-12-31,354,457.32
2024-12-31,355,225.57
2024-12-31,356,255.2
2024-12-31,357,310.08
2024-12-31,359,332.69
2024-12-31,361,360.99
2024-12-31,362,317.87
2024-12-31,364,302.21
2024-12-31,365,255.25
2024-12-31,366,431.32
2024-12-31,368,343.96
2024-12-31,370,235.33
2024-12-31,372,578.69
2024-12-31,373,384.96
2024-12-31,374,134.12
2024-12-31,375,254.65
2024-12-31,376,337.51
2024-12-31,379,375.29
2024-12-31,380,445.81
2024-12-31,381,172.1
2024-12-31,383,262.84
2024-12-31,386,427.15
2024-12-31,388,638.55
2024-12-31,389,430.65
2024-12-31,390,293.01
2024-12-31,392,285.24
2024-12-31,394,623.48
2024-12-31,395,464.63
2024-12-31,397,227.6
2024-12-31,398,302.86
2024-12-31,402,221.41
2024-12-31,407,169.33
2024-12-31,408,328.14
2024-12-31,409,156.64
2024-12-31,410,443.49
2024-12-31,411,153.63
2024-12-31,413,489.98
2024-12-31,416,215.89
2024-12-31,417,211.6
2024-12-31,420,130.95
2024-12-31,421,598.74
2024-12-31,422,324.92
2024-12-31,423,386.14
2024-12-31,425,363.16
2024-12-31,426,435.69
2024-12-31,431,275.11
2024-12-31,432,443.46
2024-12-31,433,393.39
2024-12-31,434,263.12
2024-12-31,435,205.27
2024-12-31,436,340.96
2024-12-31,437,176.67
2024-12-31,439,679.84
2024-12-31,440,772.86
2024-12-31,443,476.14
2024-12-31,445,458.42
2024-12-31,446,468.57
2024-12-31,448,459.57
2024-12-31,450,267.4
2024-12-31,451,127.61
2024-12-31,452,277.81
2024-12-31,455,431.87
2024-12-31,458,443.29
2024-12-31,459,391.74
2024-12-31,461,313
2024-12-31,462,565.63
2024-12-31,463,398.13
2024-12-31,464,221.91
2024-12-31,465,615.12
2024-12-31,466,326.03
2024-12-31,467,164.69
2024-12-31,468,172.61
2024-12-31,470,449.23
2024-12-31,472,466.7
2024-12-31,473,410.28
2024-12-31,474,248.81
2024-12-31,477,538.83
2024-12-31,483,207.4
2024-12-31,485,189.92
2024-12-31,487,442.43
2024-12-31,489,158.26
2024-12-31,490,324.74
2024-12-31,493,474.16
2024-12-31,496,194.1
2024-12-31,498,257.59
2024-12-31,507,308.39
2024-12-31,510,124.07
2024-12-31,511,96.41
2024-12-31,512,499.82
2024-12-31,513,228.32
2024-12-31,515,283.84
2024-12-31,517,273.87
2024-12-31,518,296.41
2024-12-31,519,247.31
2024-12-31,524,237.55
2024-12-31,525,243.39
2024-12-31,526,115.28
2024-12-31,529,278
2024-12-31,532,314.97
2024-12-31,533,193.19
2024-12-31,534,458.6
2024-12-31,537,299.94
2024-12-31,538,161.02
2024-12-31,539,128.4
2024-12-31,541,326.1
2024-12-31,542,125.27
2024-12-31,546,249.45
2024-12-31,547,366.31
2024-12-31,549,263.53
2024-12-31,551,303.51
2024-12-31,553,484.05
2024-12-31,555,245.49
2024-12-31,556,373.46
2024-12-31,557,226.88
2024-12-31,558,445.69
2024-12-31,559,314.92
2024-12-31,562,377.11
2024-12-31,563,433.45
2024-12-31,566,365.06
2024-12-31,567,200.73
2024-12-31,568,248.74
2024-12-31,569,659.62
2024-12-31,572,450.19
2024-12-31,576,832.46
2024-12-31,580,353.46
2024-12-31,582,713.06
2024-12-31,588,383.8
2024-12-31,590,785.89
2024-12-31,592,336.13
2024-12-31,595,384.74
2024-12-31,596,345.15
2024-12-31,597,190.76
2024-12-31,600,173.76
2024-12-31,603,452.9
2024-12-31,604,423.79
2024-12-31,605,115.5
2024-12-31,606,235.76
2024-12-31,608,370.56
2024-12-31,609,573.87
2024-12-31,610,280.52
2024-12-31,611,219.38
2024-12-31,613,181.68
2024-12-31,615,558.35
2024-12-31,619,192.36
2024-12-31,620,397.12
2024-12-31,622,540.48
2024-12-31,623,320.94
2024-12-31,625,241.54
2024-12-31,626,278.25
2024-12-31,629,173.63
2024-12-31,630,339.12
2024-12-31,632,230.65
2024-12-31,635,198.21
2024-12-31,638,284.03
2024-12-31,640,243.67
2024-12-31,641,305.38
2024-12-31,644,373.6
2024-12-31,648,375.88
2024-12-31,650,234.94
2024-12-31,651,356.72
2024-12-31,652,388.79
2024-12-31,653,361.56
2024-12-31,654,208.58
2024-12-31,655,169.7
2024-12-31,656,254.07
2024-12-31,657,624.11
2024-12-31,658,376.68
2024-12-31,661,143.65
2024-12-31,662,314.6
2024-12-31,665,154.95
2024-12-31,667,340.34
2024-12-31,669,392.3
2024-12-31,671,305.94
2024-12-31,673,231.8
2024-12-31,674,209.26
2024-12-31,677,419.7
2024-12-31,680,327.54
2024-12-31,681,207.38
2024-12-31,682,414.1
2024-12-31,685,235.39
2024-12-31,687,455.44
2024-12-31,689,206.44
2024-12-31,691,386.37
2024-12-31,694,619.79
2024-12-31,695,285.8
2024-12-31,697,720.85
2024-12-31,698,205.88
2024-12-31,699,232.01
2024-12-31,700,265
2024-12-31,701,228.43
2024-12-31,702,272.68
2024-12-31,704,199.27
2024-12-31,707,397.64
2024-12-31,708,483.96
2024-12-31,711,616.64
2024-12-31,715,368.23
2024-12-31,718,310.91
2024-12-31,721,337.85
2024-12-31,722,264.8
2024-12-31,723,406.88
2024-12-31,724,451.42
2024-12-31,729,175.82
2024-12-31,733,453.88
2024-12-31,735,371.44
2024-12-31,740,431.08
2024-12-31,742,547.3
2024-12-31,744,239.56
2024-12-31,745,174.33
2024-12-31,746,417.02
2024-12-31,747,217.91
2024-12-31,749,309.32
2024-12-31,750,707.49
2024-12-31,751,396.85
2024-12-31,753,381.54
2024-12-31,754,427.57
2024-12-31,755,421.73
2024-12-31,756,495.21
2024-12-31,757,370.36
2024-12-31,763,264.81
2024-12-31,767,297.33
2024-12-31,769,700.41
2024-12-31,771,275.68
2024-12-31,773,159.85
2024-12-31,774,519.82
2024-12-31,779,246.25
2024-12-31,781,180.5
2024-12-31,785,179.47
2024-12-31,786,320.66
2024-12-31,787,209.12
2024-12-31,790,774.2
2024-12-31,792,322.04
2024-12-31,794,339.07
2024-12-31,796,450.64
2024-12-31,797,426.6
2024-12-31,798,231.86
2024-12-31,799,266.28
2024-12-31,802,490
2024-12-31,803,467.08
2024-12-31,805,357.44
2024-12-31,808,295.63
2024-12-31,809,278.17
2024-12-31,813,238.44
2024-12-31,815,184.04
2024-12-31,816,215.09
2024-12-31,818,516.74
2024-12-31,819,155.16
2024-12-31,821,655.14
2024-12-31,823,359.69
2024-12-31,824,243.92
2024-12-31,826,285.19
2024-12-31,827,324.05
2024-12-31,831,352.46
2024-12-31,832,334.89
2024-12-31,833,236.06
2024-12-31,834,240.44
2024-12-31,836,267.19
2024-12-31,839,706.45
2024-12-31,840,233.2
2024-12-31,843,449.89
2024-12-31,844,318.55
2024-12-31,845,604.85
2024-12-31,847,635.77
2024-12-31,849,481.51
2024-12-31,851,215.97
2024-12-31,852,316.12
2024-12-31,853,1001.29
2024-12-31,854,269.58
2024-12-31,855,201.9
2024-12-31,856,138.22
2024-12-31,858,746.34
2024-12-31,859,335.1
2024-12-31,864,242.74
2024-12-31,867,184.58
2024-12-31,868,348.52
2024-12-31,869,273.05
2024-12-31,874,384.34
2024-12-31,875,512.54
2024-12-31,877,180.37
2024-12-31,880,438.72
2024-12-31,885,232.18
2024-12-31,886,392.72
2024-12-31,887,386.11
2024-12-31,890,258.71
2024-12-31,893,488.56
2024-12-31,894,391.24
2024-12-31,896,283.98
2024-12-31,901,450.05
2024-12-31,902,158.81
2024-12-31,904,269.87
2024-12-31,905,272.61
2024-12-31,906,299.12
2024-12-31,907,447.47
2024-12-31,908,245.73
2024-12-31,911,235.71
2024-12-31,913,214.54
2024-12-31,915,290.99
2024-12-31,916,485.83
2024-12-31,921,896.36
2024-12-31,922,230.47
2024-12-31,923,147.72
2024-12-31,924,714.96
2024-12-31,925,567.5
2024-12-31,926,399.61
2024-12-31,927,386.68
2024-12-31,928,394.92
2024-12-31,930,164.83
2024-12-31,931,215.51
2024-12-31,933,893.46
2024-12-31,937,337.71
2024-12-31,938,287.16
2024-12-31,940,313.14
2024-12-31,942,338.4
2024-12-31,944,348.34
2024-12-31,948,349.47
2024-12-31,951,297.36
2024-12-31,952,335.79
2024-12-31,953,222.64
2024-12-31,954,360.06
2024-12-31,956,208.91
2024-12-31,961,542.97
2024-12-31,964,280.35
2024-12-31,965,356.2
2024-12-31,967,630.73
2024-12-31,970,108.65
2024-12-31,973,177.69
2024-12-31,974,315.03
2024-12-31,975,316.37
2024-12-31,976,238.67
2024-12-31,978,351.84
2024-12-31,980,195.34
2024-12-31,983,401.09
2024-12-31,985,255.93
2024-12-31,986,259.78
2024-12-31,989,107.53
2024-12-31,991,372.23
2024-12-31,994,316.62
2024-12-31,996,182.2
2024-12-31,997,289.74
2024-12-31,1001,526.32
2024-12-31,1002,363.82
2024-12-31,1003,310.83
2024-12-31,1011,567.13
2024-12-31,1012,342.32
2024-12-31,1016,622.88
2024-12-31,1018,238.17
2024-12-31,1019,487.68
2024-12-31,1020,229.49
2024-12-31,1021,136.21
2024-12-31,1025,239.29
2024-12-31,1031,269.73
2024-12-31,1033,212.78
2024-12-31,1035,221.48
2024-12-31,1036,557.86
2024-12-31,1038,142.66
2024-12-31,1039,274.4
2024-12-31,1042,263.34
2024-12-31,1043,152.35
2024-12-31,1048,434.65
2024-12-31,1051,276.25
2024-12-31,1052,324.42
2024-12-31,1057,295.19
2024-12-31,1058,658.31
2024-12-31,1061,414.87
2024-12-31,1063,246.38
2024-12-31,1064,441.56
2024-12-31,1066,153.55
2024-12-31,1068,293.24
2024-12-31,1071,134.97
2024-12-31,1072,152.95
2024-12-31,1074,380.47
2024-12-31,1075,516.7
2024-12-31,1077,321.65
2024-12-31,1081,697.63
2024-12-31,1083,304.33
2024-12-31,1084,460.64
2024-12-31,1085,518.93
2024-12-31,1090,418.28
2024-12-31,1093,154.61
2024-12-31,1094,271.87
2024-12-31,1095,641.06
2024-12-31,1096,185.66
2024-12-31,1097,315.05
2024-12-31,1100,269.29
2024-12-31,1105,430.94
2024-12-31,1106,604.42
2024-12-31,1107,262.42
2024-12-31,1111,316.21
2024-12-31,1113,349.6
2024-12-31,1114,426.76
2024-12-31,1116,173.07
2024-12-31,1117,709.41
2024-12-31,1119,319.71
2024-12-31,1121,697.55
2024-12-31,1122,176.18
2024-12-31,1123,291.4
2024-12-31,1125,394.93
2024-12-31,1129,261.34
2024-12-31,1130,359.51
2024-12-31,1131,324.18
2024-12-31,1133,708.63
2024-12-31,1135,341.6
2024-12-31,1136,197.54
2024-12-31,1137,286.37
2024-12-31,1140,264.04
2024-12-31,1143,328.6
2024-12-31,1145,286.96
2024-12-31,1147,269.71
2024-12-31,1149,227.53
2024-12-31,1150,475.07
2024-12-31,1151,248.87
2024-12-31,1153,398.43
2024-12-31,1158,393.02
2024-12-31,1160,579.1
2024-12-31,1162,160.99
2024-12-31,1163,270.45
2024-12-31,1164,405.69
2024-12-31,1170,382.21
2024-12-31,1174,410.86
2024-12-31,1177,211.21
2024-12-31,1179,161.68
2024-12-31,1182,538.69
2024-12-31,1183,104.04
2024-12-31,1184,372.94
2024-12-31,1187,224.77
2024-12-31,1188,570.39
2024-12-31,1189,274
2024-12-31,1191,564.01
2024-12-31,1193,448.93
2024-12-31,1196,236.18
2024-12-31,1204,325.2
2024-12-31,1205,520.3
2024-12-31,1206,306.27
2024-12-31,1207,137
2024-12-31,1208,450.64
2024-12-31,1209,563.76
2024-12-31,1211,241.29
2024-12-31,1215,331.29
2024-12-31,1219,581.29
2024-12-31,1223,310.84
2024-12-31,1224,289.41
2024-12-31,1225,771.08
2024-12-31,1227,148.01
2024-12-31,1228,157.91
2024-12-31,1230,185.65
2024-12-31,1235,312.41
2024-12-31,1236,331.88
2024-12-31,1238,278.51
2024-12-31,1239,150.62
2024-12-31,1240,506.97
2024-12-31,1241,536.27
2024-12-31,1243,433.32
2024-12-31,1244,286.37
2024-12-31,1245,192.59
2024-12-31,1246,255.38
2024-12-31,1249,715.67
2024-12-31,1252,306.69
2024-12-31,1254,298.96
2024-12-31,1257,581
2024-12-31,1258,209.49
2024-12-31,1259,314.79
2024-12-31,1261,376.44
2024-12-31,1262,650.19
2024-12-31,1264,498.08
2024-12-31,1269,589.69
2024-12-31,1272,409.83
2024-12-31,1275,247.33
2024-12-31,1277,393.76
2024-12-31,1279,407.72
2024-12-31,1280,427.62
2024-12-31,1282,175.75
2024-12-31,1283,169.76
2024-12-31,1284,295.99
2024-12-31,1286,488.86
2024-12-31,1288,428.09
2024-12-31,1291,253.83
2024-12-31,1292,344.92
2024-12-31,1293,244.31
2024-12-31,1296,507.36
2024-12-31,1297,274.39
2024-12-31,1300,207.83
2024-12-31,1301,345.97
2024-12-31,1302,118.02
2024-12-31,1303,565.08
2024-12-31,1304,222.56
2024-12-31,1305,101.94
2024-12-31,1306,197.4
2024-12-31,1309,481.05
2024-12-31,1311,289.99
2024-12-31,1312,261.93
2024-12-31,1313,100.05
2024-12-31,1314,966.24
2024-12-31,1315,490.69
2024-12-31,1316,299.84
2024-12-31,1317,263.41
2024-12-31,1319,276.35
2024-12-31,1320,601.18
2024-12-31,1321,249.42
2024-12-31,1323,418.39
2024-12-31,1325,304.58
2024-12-31,1327,210.86
2024-12-31,1329,313.34
2024-12-31,1334,464.15
2024-12-31,1335,180.5
2024-12-31,1336,148.5
2024-12-31,1339,656.61
2024-12-31,1340,331.89
2024-12-31,1341,323.52
2024-12-31,1343,566.19
2024-12-31,1346,222.06
2024-12-31,1349,119.33
2024-12-31,1354,141.77
2024-12-31,1356,396.93
2024-12-31,1357,379.3
2024-12-31,1358,237.12
2024-12-31,1359,428.81
2024-12-31,1360,450.52
2024-12-31,1362,182.27
2024-12-31,1363,242.89
2024-12-31,1364,225.35
2024-12-31,1365,185.51
2024-12-31,1368,354.18
2024-12-31,1372,343.47
2024-12-31,1373,431.77
2024-12-31,1374,147.9
2024-12-31,1376,496.21
2024-12-31,1378,244.75
2024-12-31,1379,333.4
2024-12-31,1380,293.47
2024-12-31,1382,315.34
2024-12-31,1385,468.57
2024-12-31,1386,364.86
2024-12-31,1390,351.91
2024-12-31,1392,180.6
2024-12-31,1394,358.19
2024-12-31,1400,332.49
2024-12-31,1401,273.26
2024-12-31,1402,789.71
2024-12-31,1403,197.28
2024-12-31,1404,273.94
2024-12-31,1405,302.09
2024-12-31,1407,532.58
2024-12-31,1408,553.32
2024-12-31,1409,168.84
2024-12-31,1411,155.51
2024-12-31,1414,428.32
2024-12-31,1416,150.75
2024-12-31,1418,405.18
2024-12-31,1420,184.47
2024-12-31,1421,338.03
2024-12-31,1422,468.9
2024-12-31,1423,276.49
2024-12-31,1424,249.68
2024-12-31,1426,368.11
2024-12-31,1428,225.82
2024-12-31,1429,851.32
2024-12-31,1434,351.73
2024-12-31,1437,323.83
2024-12-31,1440,176.41
2024-12-31,1441,174.79
2024-12-31,1442,303.9
2024-12-31,1445,517.31
2024-12-31,1447,118.14
2024-12-31,1448,133.45
2024-12-31,1451,467.42
2024-12-31,1456,198.67
2024-12-31,1457,218.39
2024-12-31,1458,220.08
2024-12-31,1460,235.04
2024-12-31,1461,221.42
2024-12-31,1464,211.57
2024-12-31,1466,273.05
2024-12-31,1467,323.94
2024-12-31,1468,335.29
2024-12-31,1471,143.5
2024-12-31,1473,735.13
2024-12-31,1474,293.12
2024-12-31,1476,178
2024-12-31,1478,674.61
2024-12-31,1479,357.61
2024-12-31,1481,228.58
2024-12-31,1482,578.83
2024-12-31,1484,502.36
2024-12-31,1489,562.78
2024-12-31,1490,507.05
2024-12-31,1491,890.77
2024-12-31,1493,666.77
2024-12-31,1494,308.16
2024-12-31,1495,298.57
2024-12-31,1497,553.03
2024-12-31,1499,226.05
2024-12-31,1501,225.57
2024-12-31,1502,154.77
2024-12-31,1503,236.4
2024-12-31,1508,446.16
2024-12-31,1509,258.98
2024-12-31,1515,184.13
2024-12-31,1516,694.12
2024-12-31,1519,141.07
2024-12-31,1522,886.24
2024-12-31,1527,493.88
2024-12-31,1528,235.61
2024-12-31,1537,329.45
2024-12-31,1538,320.56
2024-12-31,1542,283.87
2024-12-31,1544,200.19
2024-12-31,1545,381.22
2024-12-31,1547,234.97
2024-12-31,1548,280.98
2024-12-31,1551,368.91
2024-12-31,1552,233.3
2024-12-31,1554,266.54
2024-12-31,1563,484.4
2024-12-31,1564,334.36
2024-12-31,1565,276.5
2024-12-31,1567,437.74
2024-12-31,1570,305.82
2024-12-31,1573,204.79
2024-12-31,1578,311.17
2024-12-31,1580,296.96
2024-12-31,1581,210.65
2024-12-31,1583,219
2024-12-31,1585,257.32
2024-12-31,1593,416.64
2024-12-31,1594,199.34
2024-12-31,1595,169.18
2024-12-31,1598,392
2024-12-31,1602,513.84
2024-12-31,1603,932.37
2024-12-31,1604,273.93
2024-12-31,1605,238.43
2024-12-31,1606,221.17
2024-12-31,1608,228.09
2024-12-31,1611,380.68
2024-12-31,1614,295.77
2024-12-31,1617,659.66
2024-12-31,1618,256.37
2024-12-31,1619,245.04
2024-12-31,1620,270.41
2024-12-31,1624,717.81
2024-12-31,1626,342.07
2024-12-31,1627,552.92
2024-12-31,1628,342.58
2024-12-31,1631,199.53
2024-12-31,1632,320.07
2024-12-31,1633,98.27
2024-12-31,1634,383.06
2024-12-31,1638,354.37
2024-12-31,1640,212.97
2024-12-31,1643,483.94
2024-12-31,1647,877.65
2024-12-31,1649,151.5
2024-12-31,1650,103.29
2024-12-31,1652,87.11
2024-12-31,1653,367.72
2024-12-31,1656,166.02
2024-12-31,1657,164.55
2024-12-31,1659,392.1
2024-12-31,1661,569.87
2024-12-31,1663,262.37
2024-12-31,1664,303.35
2024-12-31,1665,277.52
2024-12-31,1669,170.29
2024-12-31,1671,415.25
2024-12-31,1675,490.02
2024-12-31,1677,247.57
2024-12-31,1682,559.62
2024-12-31,1684,420.9
2024-12-31,1685,278.64
2024-12-31,1686,449.93
2024-12-31,1687,336.93
2024-12-31,1688,205.31
2024-12-31,1691,277.73
2024-12-31,1697,466.25
2024-12-31,1698,186.13
2024-12-31,1699,192.41
2024-12-31,1701,340.82
2024-12-31,1703,271.84
2024-12-31,1704,469.49
2024-12-31,1710,489.92
2024-12-31,1711,391.47
2024-12-31,1712,305.67
2024-12-31,1716,263.71
2024-12-31,1717,191.62
2024-12-31,1722,358.89
2024-12-31,1724,380.99
2024-12-31,1725,366.8
2024-12-31,1726,241.7
2024-12-31,1727,151.64
2024-12-31,1730,615.13
2024-12-31,1731,392.59
2024-12-31,1733,439.82
2024-12-31,1735,466.73
2024-12-31,1737,200.61
2024-12-31,1738,172.22
2024-12-31,1741,267.48
2024-12-31,1744,455.69
2024-12-31,1745,213.18
2024-12-31,1746,220.59
2024-12-31,1748,434.63
2024-12-31,1752,1056.2
2024-12-31,1754,211.45
2024-12-31,1755,384.92
2024-12-31,1759,782.86
2024-12-31,1761,457.17
2024-12-31,1763,375.01
2024-12-31,1764,345.49
2024-12-31,1766,360.68
2024-12-31,1767,220.53
2024-12-31,1768,429.93
2024-12-31,1769,684.12
2024-12-31,1770,364.96
2024-12-31,1771,439.34
2024-12-31,1772,342.22
2024-12-31,1773,441.23
2024-12-31,1775,397.57
2024-12-31,1776,484.07
2024-12-31,1778,275
2024-12-31,1779,224.38
2024-12-31,1780,633.26
2024-12-31,1781,1352.68
2024-12-31,1782,692.85
2024-12-31,1783,349.39
2024-12-31,1785,352.91
2024-12-31,1786,320.22
2024-12-31,1789,160.41
2024-12-31,1791,363.57
2024-12-31,1792,378.91
2024-12-31,1794,390.32
2024-12-31,1795,1004.17
2024-12-31,1797,183.66
2024-12-31,1799,638.53
2024-12-31,1800,682.19
2024-12-31,1801,214.8
2024-12-31,1805,295.38
2024-12-31,1806,320.38
2024-12-31,1807,330.38
2024-12-31,1808,419.71
2024-12-31,1809,775.82
2024-12-31,1811,698.43
2024-12-31,1815,206.85
2024-12-31,1819,376.64
2024-12-31,1820,415.79
2024-12-31,1821,822.76
2024-12-31,1822,397.73
2024-12-31,1823,165.65
2024-12-31,1826,496.89
2024-12-31,1827,399.02
2024-12-31,1829,607.82
2024-12-31,1830,257.79
2024-12-31,1832,450.09
2024-12-31,1834,268.84
2024-12-31,1835,324.8
2024-12-31,1836,213.29
2024-12-31,1837,231.28
2024-12-31,1838,293.78
2024-12-31,1839,175.82
2024-12-31,1840,386.82
2024-12-31,1841,290.8
2024-12-31,1844,392.89
2024-12-31,1845,286.65
2024-12-31,1852,482.48
2024-12-31,1854,253.7
2024-12-31,1855,157.58
2024-12-31,1856,582.65
2024-12-31,1860,379.34
2024-12-31,1861,150.09
2024-12-31,1862,292.75
2024-12-31,1865,228.11
2024-12-31,1868,119.67
2024-12-31,1869,447.9
2024-12-31,1870,255.48
2024-12-31,1877,384.83
2024-12-31,1884,286.33
2024-12-31,1885,259.87
2024-12-31,1887,130.03
2024-12-31,1888,410.65
2024-12-31,1889,313.53
2024-12-31,1894,443.89
2024-12-31,1897,175.2
2024-12-31,1898,147.01
2024-12-31,1899,349.23
2024-12-31,1900,389.53
2024-12-31,1901,404.89
2024-12-31,1902,251.09
2024-12-31,1903,136.09
2024-12-31,1908,284.05
2024-12-31,1909,874.98
2024-12-31,1910,855.97
2024-12-31,1912,107.69
2024-12-31,1913,535.96
2024-12-31,1915,202.37
2024-12-31,1916,173.46
2024-12-31,1917,258.26
2024-12-31,1920,88.85
2024-12-31,1922,272.24
2024-12-31,1924,235.52
2024-12-31,1925,160.03
2024-12-31,1926,630.85
2024-12-31,1927,322.98
2024-12-31,1928,344.94
2024-12-31,1930,386.91
2024-12-31,1931,350.6
2024-12-31,1932,150.29
2024-12-31,1935,434.69
2024-12-31,1938,223.63
2024-12-31,1940,439.48
2024-12-31,1941,245.68
2024-12-31,1945,441.36
2024-12-31,1946,248.45
2024-12-31,1948,299.31
2024-12-31,1949,186.95
2024-12-31,1952,588.01
2024-12-31,1953,309.91
2024-12-31,1955,357.11
2024-12-31,1958,800.44
2024-12-31,1959,389.37
2024-12-31,1960,282.62
2024-12-31,1961,469.45
2024-12-31,1963,247.68
2024-12-31,1965,194.45
2024-12-31,1968,287.39
2024-12-31,1971,256.56
2024-12-31,1972,248.74
2024-12-31,1973,463.79
2024-12-31,1974,736.57
2024-12-31,1975,395.17
2024-12-31,1977,282.95
2024-12-31,1979,212.02
2024-12-31,1980,487.68
2024-12-31,1982,402.76
2024-12-31,1984,521.24
2024-12-31,1987,163.75
2024-12-31,1991,296.27
2024-12-31,1995,314.63
2024-12-31,1999,148.08
2024-12-31,2000,271.97
2024-12-31,2001,270.05
2024-12-31,2003,377.94
2024-12-31,2006,300.48
2024-12-31,2008,366.7
2024-12-31,2015,547.34
2024-12-31,2016,440.23
2024-12-31,2017,389.96
2024-12-31,2021,315.78
2024-12-31,2023,298.53
2024-12-31,2025,423.76
2024-12-31,2026,311.01
2024-12-31,2027,200.43
2024-12-31,2028,715.79
2024-12-31,2029,455.22
2024-12-31,2031,238.67
2024-12-31,2036,380.17
2024-12-31,2037,277.06
2024-12-31,2038,221.18
2024-12-31,2040,561.26
2024-12-31,2042,126.7
2024-12-31,2044,287.26
2024-12-31,2046,666.22
2024-12-31,2047,289
2024-12-31,2048,351.09
2024-12-31,2049,332.2
2024-12-31,2050,597.91
2024-12-31,2054,821.9
2024-12-31,2055,205.92
2024-12-31,2057,488.37
2024-12-31,2063,306.83
2024-12-31,2064,351.73
2024-12-31,2065,343.23
2024-12-31,2066,384.05
2024-12-31,2067,322.85
2024-12-31,2068,177.72
2024-12-31,2069,298.25
2024-12-31,2072,142.02
2024-12-31,2075,171.21
2024-12-31,2077,379.27
2024-12-31,2079,242.54
2024-12-31,2080,394.52
2024-12-31,2082,238.54
2024-12-31,2083,494.92
2024-12-31,2085,140.25
2024-12-31,2087,335.82
2024-12-31,2088,354.62
2024-12-31,2089,468.92
2024-12-31,2093,340.02
2024-12-31,2095,298.82
2024-12-31,2099,268.09
2024-12-31,2102,148.88
2024-12-31,2105,556.23
2024-12-31,2107,260.11
2024-12-31,2108,834.09
2024-12-31,2110,262.7
2024-12-31,2112,216.53
2024-12-31,2114,273.61
2024-12-31,2115,526.76
2024-12-31,2119,438.1
2024-12-31,2122,164.54
2024-12-31,2123,524.24
2024-12-31,2126,1008.12
2024-12-31,2129,310.67
2024-12-31,2133,392.15
2024-12-31,2135,191.82
2024-12-31,2136,334.16
2024-12-31,2137,252.85
2024-12-31,2139,209.56
2024-12-31,2140,252.18
2024-12-31,2141,415.22
2024-12-31,2142,247.95
2024-12-31,2145,199.8
2024-12-31,2146,237.44
2024-12-31,2147,524.11
2024-12-31,2148,190.98
2024-12-31,2150,397.43
2024-12-31,2154,240.08
2024-12-31,2156,329.15
2024-12-31,2157,183.39
2024-12-31,2158,564.01
2024-12-31,2162,384.64
2024-12-31,2163,181.31
2024-12-31,2164,211.56
2024-12-31,2165,551.36
2024-12-31,2166,310.62
2024-12-31,2168,317.35
2024-12-31,2173,164.26
2024-12-31,2177,892.64
2024-12-31,2178,498.95
2024-12-31,2179,391.39
2024-12-31,2182,191.16
2024-12-31,2183,296.41
2024-12-31,2186,298.15
2024-12-31,2187,228.52
2024-12-31,2188,440.65
2024-12-31,2191,221.17
2024-12-31,2196,580.44
2024-12-31,2198,290.25
2024-12-31,2199,359.34
2024-12-31,2200,347.8
2024-12-31,2202,219.93
2024-12-31,2204,454.86
2024-12-31,2207,325.65
2024-12-31,2210,176.89
2024-12-31,2211,440.83
2024-12-31,2215,218.76
2024-12-31,2217,210.99
2024-12-31,2221,561.42
2024-12-31,2222,663.11
2024-12-31,2224,224.63
2024-12-31,2226,583.54
2024-12-31,2227,191.41
2024-12-31,2231,238.53
2024-12-31,2232,333.77
2024-12-31,2236,695.73
2024-12-31,2238,271.83
2024-12-31,2239,176.24
2024-12-31,2241,151.25
2024-12-31,2245,599.24
2024-12-31,2246,350.16
2024-12-31,2247,362.44
2024-12-31,2248,395.63
2024-12-31,2249,488.9
2024-12-31,2252,247.05
2024-12-31,2255,175.61
2024-12-31,2256,324.94
2024-12-31,2257,263.17
2024-12-31,2258,268.31
2024-12-31,2261,140.04
2024-12-31,2262,191.47
2024-12-31,2263,550.08
2024-12-31,2264,277.28
2024-12-31,2265,270.06
2024-12-31,2268,385
2024-12-31,2270,411.14
2024-12-31,2272,287.23
2024-12-31,2276,210.51
2024-12-31,2277,418.14
2024-12-31,2281,344.57
2024-12-31,2284,365.17
2024-12-31,2285,253.26
2024-12-31,2287,298.63
2024-12-31,2294,257.32
2024-12-31,2298,161.75
2024-12-31,2302,354.55
2024-12-31,2307,342.82
2024-12-31,2309,132.22
2024-12-31,2310,478.36
2024-12-31,2311,563.51
2024-12-31,2313,649.93
2024-12-31,2314,870.06
2024-12-31,2321,180.51
2024-12-31,2322,184.4
2024-12-31,2325,466.76
2024-12-31,2331,588.51
2024-12-31,2332,270.04
2024-12-31,2336,168.33
2024-12-31,2339,246.05
2024-12-31,2341,324.94
2024-12-31,2342,368.86
2024-12-31,2343,119.65
2024-12-31,2347,304.28
2024-12-31,2348,721.14
2024-12-31,2349,556.14
2024-12-31,2350,276.36
2024-12-31,2351,523.23
2024-12-31,2353,292.71
2024-12-31,2356,390.24
2024-12-31,2357,266.34
2024-12-31,2360,648.75
2024-12-31,2361,296.97
2024-12-31,2371,433.71
2024-12-31,2375,99.68
2024-12-31,2377,180.37
2024-12-31,2378,264.08
2024-12-31,2379,143.56
2024-12-31,2380,178.66
2024-12-31,2382,876.96
2024-12-31,2383,167.21
2024-12-31,2384,397.35
2024-12-31,2386,288.5
2024-12-31,2390,221.42
2024-12-31,2391,331.79
2024-12-31,2392,330.52
2024-12-31,2405,203.05
2024-12-31,2406,261.06
2024-12-31,2409,233.31
2024-12-31,2411,296.57
2024-12-31,2414,208.38
2024-12-31,2415,375.51
2024-12-31,2416,436.81
2024-12-31,2418,528.86
2024-12-31,2419,463.76
2024-12-31,2420,396.9
2024-12-31,2421,301.47
2024-12-31,2423,321.13
2024-12-31,2428,299.34
2024-12-31,2429,268.9
2024-12-31,2432,148.74
2024-12-31,2434,450.69
2024-12-31,2438,137.03
2024-12-31,2439,272.62
2024-12-31,2440,271.95
2024-12-31,2444,172.74
2024-12-31,2445,116.91
2024-12-31,2447,309.83
2024-12-31,2448,157.46
2024-12-31,2450,139.64
2024-12-31,2452,443.8
2024-12-31,2456,161.03
2024-12-31,2457,177.28
2024-12-31,2458,463.73
2024-12-31,2462,360.52
2024-12-31,2468,421.65
2024-12-31,2470,904.32
2024-12-31,2474,292.23
2024-12-31,2475,282.67
2024-12-31,2476,493.8
2024-12-31,2478,353.14
2024-12-31,2479,230.88
2024-12-31,2481,494.79
2024-12-31,2485,404.33
2024-12-31,2486,291.31
2024-12-31,2487,280.16
2024-12-31,2488,250.72
2024-12-31,2491,264.56
2024-12-31,2492,306.9
2024-12-31,2493,174.16
2024-12-31,2494,561.6
2024-12-31,2495,496.4
2024-12-31,2496,276.53
2024-12-31,2500,562.65
2024-12-31,2501,394.21
2024-12-31,2504,403.55
2024-12-31,2507,327.94
2024-12-31,2508,232.86
2024-12-31,2509,270.02
2024-12-31,2511,264.21
2024-12-31,2512,502.08
2024-12-31,2515,550.95
2024-12-31,2521,700.85
2024-12-31,2523,341.53
2024-12-31,2525,418.58
2024-12-31,2526,359.69
2024-12-31,2527,275.24
2024-12-31,2529,727.48
2024-12-31,2532,300.53
2024-12-31,2537,224.9
2024-12-31,2539,229.46
2024-12-31,2543,150.39
2024-12-31,2544,643.69
2024-12-31,2546,413.34
2024-12-31,2548,335.78
2024-12-31,2549,152.08
2024-12-31,2551,230.13
2024-12-31,2552,295.42
2024-12-31,2553,657.34
2024-12-31,2556,338.74
2024-12-31,2557,629.56
2024-12-31,2559,136.57
2024-12-31,2560,390.26
2024-12-31,2561,419.02
2024-12-31,2563,238.49
2024-12-31,2565,350.83
2024-12-31,2566,142.25
2024-12-31,2567,322.85
2024-12-31,2568,678.17
2024-12-31,2569,323.49
2024-12-31,2573,337.99
2024-12-31,2574,424.37
2024-12-31,2575,231.3
2024-12-31,2578,385.83
2024-12-31,2579,237.67
2024-12-31,2580,199.94
2024-12-31,2581,243.56
2024-12-31,2582,528.69
2024-12-31,2583,335.46
2024-12-31,2590,236.27
2024-12-31,2593,492.86
2024-12-31,2594,149.97
2024-12-31,2595,416.75
2024-12-31,2596,310.85
2024-12-31,2598,415.35
2024-12-31,2599,376.55
2024-12-31,2600,222.7
2024-12-31,2601,174.49
2024-12-31,2602,194.11
2024-12-31,2603,289.42
2024-12-31,2605,158.64
2024-12-31,2607,325.64
2024-12-31,2613,1173.89
2024-12-31,2614,217.38
2024-12-31,2616,557.96
2024-12-31,2617,330.19
2024-12-31,2619,361.99
2024-12-31,2623,602.48
2024-12-31,2625,239.11
2024-12-31,2628,281.28
2024-12-31,2629,303.29
2024-12-31,2631,350.77
2024-12-31,2636,308.93
2024-12-31,2637,454.36
2024-12-31,2641,951.89
2024-12-31,2648,407.33
2024-12-31,2651,583.34
2024-12-31,2656,381.47
2024-12-31,2657,219.98
2024-12-31,2659,384.86
2024-12-31,2660,379.73
2024-12-31,2664,344.99
2024-12-31,2671,680.22
2024-12-31,2672,783.66
2024-12-31,2673,284.96
2024-12-31,2675,351.47
2024-12-31,2676,485.37
2024-12-31,2677,123.17
2024-12-31,2680,263.77
2024-12-31,2681,1343.88
2024-12-31,2684,230.98
2024-12-31,2688,167.74
2024-12-31,2689,192.85
2024-12-31,2691,437.09
2024-12-31,2694,512.54
2024-12-31,2695,561.91
2024-12-31,2699,345.2
2024-12-31,2701,262.97
2024-12-31,2702,393.23
2024-12-31,2704,267.93
2024-12-31,2705,290.34
2024-12-31,2707,584.98
2024-12-31,2708,301.84
2024-12-31,2709,254.72
2024-12-31,2713,225.06
2024-12-31,2714,257.18
2024-12-31,2716,318.8
2024-12-31,2717,374.07
2024-12-31,2718,190.21
2024-12-31,2720,1075.89
2024-12-31,2721,737.41
2024-12-31,2722,364.56
2024-12-31,2725,526.52
2024-12-31,2727,364.57
2024-12-31,2730,328.26
2024-12-31,2731,464.36
2024-12-31,2732,269.66
2024-12-31,2733,334.37
2024-12-31,2734,83.08
2024-12-31,2735,138.85
2024-12-31,2738,309.21
2024-12-31,2741,225.24
2024-12-31,2744,319.4
2024-12-31,2745,99.47
2024-12-31,2746,375.19
2024-12-31,2750,240.4
2024-12-31,2753,531.19
2024-12-31,2757,340.5
2024-12-31,2762,118.12
2024-12-31,2763,673.61
2024-12-31,2765,314.65
2024-12-31,2766,383.21
2024-12-31,2767,416.77
2024-12-31,2775,168.11
2024-12-31,2776,503.37
2024-12-31,2779,381.35
2024-12-31,2783,499.74
2024-12-31,2784,288.61
2024-12-31,2785,450.26
2024-12-31,2786,209.25
2024-12-31,2790,229.41
2024-12-31,2791,315.92
2024-12-31,2794,601.26
2024-12-31,2796,206.88
2024-12-31,2797,429.16
2024-12-31,2799,674.18
2024-12-31,2800,179.07
2024-12-31,2803,181.65
2024-12-31,2804,202.14
2024-12-31,2805,278.82
2024-12-31,2807,518.67
2024-12-31,2808,313.79
2024-12-31,2809,265.26
2024-12-31,2820,375.03
2024-12-31,2822,149.2
2024-12-31,2824,345.78
2024-12-31,2830,301.48
2024-12-31,2838,244.35
2024-12-31,2839,339.9
2024-12-31,2840,313.23
2024-12-31,2841,415.78
2024-12-31,2843,361.54
2024-12-31,2844,353.37
2024-12-31,2849,230.17
2024-12-31,2853,401.98
2024-12-31,2855,429.78
2024-12-31,2856,135.97
2024-12-31,2857,290.22
2024-12-31,2858,318.95
2024-12-31,2860,912.78
2024-12-31,2863,798.87
2024-12-31,2867,495.38
2024-12-31,2868,867.26
2024-12-31,2870,196.28
2024-12-31,2871,428.34
2024-12-31,2875,357.01
2024-12-31,2879,100.17
2024-12-31,2882,144.27
2024-12-31,2886,314.15
2024-12-31,2888,410.44
2024-12-31,2890,174.59
2024-12-31,2891,304.17
2024-12-31,2892,309.81
2024-12-31,2895,260.82
2024-12-31,2896,285.68
2024-12-31,2900,185.71
2024-12-31,2906,267.63
2024-12-31,2907,840.85
2024-12-31,2909,374.97
2024-12-31,2910,273.86
2024-12-31,2911,276.08
2024-12-31,2916,456.44
2024-12-31,2917,197.08
2024-12-31,2919,229.55
2024-12-31,2922,255.44
2024-12-31,2924,392.11
2024-12-31,2925,456.46
2024-12-31,2926,279.66
2024-12-31,2927,372.53
2024-12-31,2931,333.25
2024-12-31,2932,584.39
2024-12-31,2935,399.38
2024-12-31,2936,219.53
2024-12-31,2937,461.33
2024-12-31,2938,545.41
2024-12-31,2940,384.49
2024-12-31,2944,400.08
2024-12-31,2945,487.03
2024-12-31,2946,312.05
2024-12-31,2947,270.95
2024-12-31,2948,151.09
2024-12-31,2951,500.1
2024-12-31,2954,182.43
2024-12-31,2955,194.29
2024-12-31,2956,342.76
2024-12-31,2959,381.05
2024-12-31,2961,1381.07
2024-12-31,2962,477.53
2024-12-31,2963,131.09
2024-12-31,2964,208.24
2024-12-31,2966,170.34
2024-12-31,2970,233.28
2024-12-31,2975,580.54
2024-12-31,2976,512.51
2024-12-31,2977,416.69
2024-12-31,2981,298.45
2024-12-31,2982,567.28
2024-12-31,2986,602.21
2024-12-31,2987,453.57
2024-12-31,2988,275.96
2024-12-31,2989,161.46
2024-12-31,2991,431.42
2024-12-31,2992,277.03
2024-12-31,2993,269.47
2024-12-31,2995,210.72
2024-12-31,2996,334.09
2024-12-31,3001,716.67
2024-12-31,3002,893.74
2024-12-31,3003,310.88
2024-12-31,3004,222.74
2024-12-31,3005,384.15
2024-12-31,3006,179.64
2024-12-31,3007,266.6
2024-12-31,3012,435.34
2024-12-31,3015,668.41
2024-12-31,3016,560.45
2024-12-31,3017,224.55
2024-12-31,3018,211.19
2024-12-31,3019,633.82
2024-12-31,3020,842.23
2024-12-31,3026,505.34
2024-12-31,3028,245.53
2024-12-31,3029,156.36
2024-12-31,3031,415.64
2024-12-31,3034,456.07
2024-12-31,3036,740.36
2024-12-31,3037,172.08
2024-12-31,3039,125.14
2024-12-31,3041,466.95
2024-12-31,3044,221.13
2024-12-31,3045,248.54
2024-12-31,3046,195.93
2024-12-31,3049,301.21
2024-12-31,3050,470.83
2024-12-31,3052,136.39
2024-12-31,3053,267.54
2024-12-31,3054,290.86
2024-12-31,3058,465.86
2024-12-31,3060,134.76
2024-12-31,3061,286.42
2024-12-31,3065,488.19
2024-12-31,3068,337.02
2024-12-31,3070,811
2024-12-31,3078,161.27
2024-12-31,3079,362.85
2024-12-31,3081,449.82
2024-12-31,3082,989.89
2024-12-31,3083,401.51
2024-12-31,3087,199.04
2024-12-31,3088,126.02
2024-12-31,3091,332.83
2024-12-31,3093,432.71
2024-12-31,3095,458.82
2024-12-31,3100,495.65
2024-12-31,3106,115.11
2024-12-31,3108,132.73
2024-12-31,3110,269.71
2024-12-31,3111,251.4
2024-12-31,3115,425.88
2024-12-31,3117,218.51
2024-12-31,3119,432.08
2024-12-31,3124,336.42
2024-12-31,3126,275.98
2024-12-31,3127,540.58
2024-12-31,3128,388.13
2024-12-31,3130,519.3
2024-12-31,3131,128.55
2024-12-31,3132,700.23
2024-12-31,3134,519.11
2024-12-31,3135,544.25
2024-12-31,3137,658.73
2024-12-31,3138,277.23
2024-12-31,3139,791.4
2024-12-31,3142,246.39
2024-12-31,3143,438.69
2024-12-31,3145,490.65
2024-12-31,3149,346.69
2024-12-31,3150,184.3
2024-12-31,3151,289.99
2024-12-31,3154,378.15
2024-12-31,3156,520.13
2024-12-31,3159,818.27
2024-12-31,3161,148.34
2024-12-31,3163,374.17
2024-12-31,3165,232.08
2024-12-31,3166,404.14
2024-12-31,3167,270.28
2024-12-31,3168,228.97
2024-12-31,3169,402.55
2024-12-31,3170,544.92
2024-12-31,3172,242.5
2024-12-31,3178,420.71
2024-12-31,3183,307.65
2024-12-31,3185,493.19
2024-12-31,3186,217.59
2024-12-31,3187,131.36
2024-12-31,3190,228.27
2024-12-31,3192,555.59
2024-12-31,3198,347.37
2024-12-31,3199,354.41
2024-12-31,3201,287.39
2024-12-31,3203,744.33
2024-12-31,3204,298.19
2024-12-31,3205,696.21
2024-12-31,3207,322.22
2024-12-31,3209,426.31
2024-12-31,3211,231.13
2024-12-31,3213,130.71
2024-12-31,3214,327.86
2024-12-31,3215,376.64
2024-12-31,3217,388.39
2024-12-31,3218,206.07
2024-12-31,3220,201.65
2024-12-31,3222,240.13
2024-12-31,3224,574.71
2024-12-31,3226,262.47
2024-12-31,3229,392.88
2024-12-31,3230,471.98
2024-12-31,3232,219.75
2024-12-31,3234,299.43
2024-12-31,3236,321.45
2024-12-31,3237,198.62
2024-12-31,3238,601.38
2024-12-31,3240,387.87
2024-12-31,3242,383.97
2024-12-31,3243,316.43
2024-12-31,3246,181.7
2024-12-31,3247,249.33
2024-12-31,3248,310.99
2024-12-31,3249,613.47
2024-12-31,3251,353.47
2024-12-31,3252,260.46
2024-12-31,3253,253.42
2024-12-31,3255,191.62
2024-12-31,3256,121.11
2024-12-31,3257,321.87
2024-12-31,3261,257.84
2024-12-31,3262,425.48
2024-12-31,3263,164.37
2024-12-31,3264,554.06
2024-12-31,3266,302.17
2024-12-31,3268,391.87
2024-12-31,3270,315.66
2024-12-31,3272,452.41
2024-12-31,3273,208.85
2024-12-31,3274,269.14
2024-12-31,3277,264.78
2024-12-31,3281,300.29
2024-12-31,3284,278.83
2024-12-31,3285,398.72
2024-12-31,3286,351.84
2024-12-31,3288,262.56
2024-12-31,3291,270.68
2024-12-31,3294,223.56
2024-12-31,3297,654.57
2024-12-31,3298,162.47
2024-12-31,3299,290.72
2024-12-31,3300,249.95
2024-12-31,3301,585.6
2024-12-31,3302,472.29
2024-12-31,3303,201.64
2024-12-31,3306,875.23
2024-12-31,3307,156.46
2024-12-31,3309,402.45
2024-12-31,3310,714.11
2024-12-31,3311,144.35
2024-12-31,3312,167.4
2024-12-31,3313,143.88
2024-12-31,3314,257.39
2024-12-31,3315,256.3
2024-12-31,3317,236.96
2024-12-31,3323,406.57
2024-12-31,3325,458.25
2024-12-31,3328,345.3
2024-12-31,3334,309.84
2024-12-31,3335,222.97
2024-12-31,3338,276.58
2024-12-31,3339,312.58
2024-12-31,3340,480.81
2024-12-31,3342,194.08
2024-12-31,3343,402.46
2024-12-31,3346,537.73
2024-12-31,3348,306.48
2024-12-31,3350,267.35
2024-12-31,3354,522.08
2024-12-31,3359,286.12
2024-12-31,3361,417.31
2024-12-31,3362,337.21
2024-12-31,3363,190.13
2024-12-31,3364,164.01
2024-12-31,3365,297.04
2024-12-31,3366,570.84
2024-12-31,3367,438.07
2024-12-31,3370,276.6
2024-12-31,3371,179.86
2024-12-31,3372,265.24
2024-12-31,3373,226.11
2024-12-31,3377,265.74
2024-12-31,3378,280.62
2024-12-31,3379,707.06
2024-12-31,3382,437.62
2024-12-31,3385,207.01
2024-12-31,3387,132.03
2024-12-31,3388,326.24
2024-12-31,3389,197.11
2024-12-31,3391,414.13
2024-12-31,3392,424.4
2024-12-31,3393,258.2
2024-12-31,3396,173.09
2024-12-31,3398,439.02
2024-12-31,3399,684.24
2024-12-31,3400,210.56
2024-12-31,3403,455.54
2024-12-31,3404,268.59
2024-12-31,3405,454.16
2024-12-31,3409,196.57
2024-12-31,3412,250.51
2024-12-31,3413,253.62
2024-12-31,3414,221.13
2024-12-31,3415,323.77
2024-12-31,3417,380.87
2024-12-31,3419,545.38
2024-12-31,3421,326.31
2024-12-31,3423,349.38
2024-12-31,3424,438.13
2024-12-31,3426,184.99
2024-12-31,3427,286.92
2024-12-31,3429,158.05
2024-12-31,3430,465.81
2024-12-31,3433,282.65
2024-12-31,3435,250.84
2024-12-31,3438,96.53
2024-12-31,3439,751.97
2024-12-31,3441,294.9
2024-12-31,3448,167.11
2024-12-31,3453,164.16
2024-12-31,3455,560.05
2024-12-31,3456,386.01
2024-12-31,3457,449.51
2024-12-31,3458,308.84
2024-12-31,3460,289.77
2024-12-31,3461,605.36
2024-12-31,3462,563.89
2024-12-31,3466,378.93
2024-12-31,3472,216.61
2024-12-31,3473,568.95
2024-12-31,3476,664.23
2024-12-31,3477,288.83
2024-12-31,3478,250.63
2024-12-31,3481,345.44
2024-12-31,3482,87.2
2024-12-31,3486,378
2024-12-31,3487,411.04
2024-12-31,3488,355.03
2024-12-31,3490,492.85
2024-12-31,3491,487.88
2024-12-31,3493,269.63
2024-12-31,3499,106.33
2024-12-31,3501,138.46
2024-12-31,3502,102.53
2024-12-31,3505,189.21
2024-12-31,3506,223.3
2024-12-31,3507,276.14
2024-12-31,3508,166.98
2024-12-31,3509,381.15
2024-12-31,3513,209.82
2024-12-31,3514,307.36
2024-12-31,3519,359.03
2024-12-31,3520,708.23
2024-12-31,3523,700.66
2024-12-31,3524,73.77
2024-12-31,3528,190.82
2024-12-31,3534,354.62
2024-12-31,3538,454.21
2024-12-31,3540,216.52
2024-12-31,3544,413.61
2024-12-31,3545,776.74
2024-12-31,3546,161.29
2024-12-31,3548,258.94
2024-12-31,3551,368.16
2024-12-31,3554,457.22
2024-12-31,3555,530.92
2024-12-31,3557,231.92
2024-12-31,3560,304.04
2024-12-31,3561,170.2
2024-12-31,3562,337.01
2024-12-31,3563,105.79
2024-12-31,3565,176.64
2024-12-31,3566,247.36
2024-12-31,3567,211.71
2024-12-31,3568,585.14
2024-12-31,3570,359.33
2024-12-31,3576,130.15
2024-12-31,3577,396.23
2024-12-31,3579,308.81
2024-12-31,3580,493.58
2024-12-31,3581,150.2
2024-12-31,3582,378.85
2024-12-31,3583,328.39
2024-12-31,3584,299.83
2024-12-31,3587,249.18
2024-12-31,3588,347.03
2024-12-31,3589,600.66
2024-12-31,3590,405.61
2024-12-31,3592,451.17
2024-12-31,3593,166.49
2024-12-31,3596,346.38
2024-12-31,3597,97.2
2024-12-31,3598,104.55
2024-12-31,3602,428.56
2024-12-31,3603,251.59
2024-12-31,3605,286.32
2024-12-31,3615,158.85
2024-12-31,3617,436.6
2024-12-31,3618,117.8
2024-12-31,3619,363.22
2024-12-31,3620,412.9
2024-12-31,3622,202.45
2024-12-31,3623,788.94
2024-12-31,3625,600.85
2024-12-31,3627,410.27
2024-12-31,3628,296.48
2024-12-31,3629,173.75
2024-12-31,3631,537.19
2024-12-31,3637,286.44
2024-12-31,3638,399.62
2024-12-31,3642,279.75
2024-12-31,3650,263.1
2024-12-31,3651,465.88
2024-12-31,3653,587.76
2024-12-31,3654,342.75
2024-12-31,3656,198.35
2024-12-31,3658,416.37
2024-12-31,3659,511.08
2024-12-31,3661,271.3
2024-12-31,3662,151.77
2024-12-31,3664,222.72
2024-12-31,3665,182.84
2024-12-31,3668,311.03
2024-12-31,3671,167.57
2024-12-31,3673,156.39
2024-12-31,3674,604.21
2024-12-31,3676,352.51
2024-12-31,3677,207.59
2024-12-31,3680,387.89
2024-12-31,3682,560.06
2024-12-31,3684,282.62
2024-12-31,3685,457.76
2024-12-31,3688,248.99
2024-12-31,3689,265.75
2024-12-31,3690,490.46
2024-12-31,3691,225.06
2024-12-31,3695,253.77
2024-12-31,3696,407.82
2024-12-31,3698,759.45
2024-12-31,3700,596.17
2024-12-31,3701,340.51
2024-12-31,3703,262.87
2024-12-31,3704,505.68
2024-12-31,3705,216.15
2024-12-31,3706,270.47
2024-12-31,3707,171.57
2024-12-31,3711,323.67
2024-12-31,3716,162.56
2024-12-31,3719,271.85
2024-12-31,3722,186.65
2024-12-31,3723,478.34
2024-12-31,3726,742.05
2024-12-31,3728,227.37
2024-12-31,3729,403.86
2024-12-31,3730,340.89
2024-12-31,3731,170.27
2024-12-31,3733,231.56
2024-12-31,3734,226.15
2024-12-31,3735,150.56
2024-12-31,3736,219
2024-12-31,3737,342.91
2024-12-31,3738,273.49
2024-12-31,3739,723.59
2024-12-31,3744,219.19
2024-12-31,3746,175.46
2024-12-31,3747,709.3
2024-12-31,3749,171.09
2024-12-31,3751,312.79
2024-12-31,3753,485.73
2024-12-31,3755,759.86
2024-12-31,3761,590.38
2024-12-31,3763,295.87
2024-12-31,3765,415.02
2024-12-31,3767,354.25
2024-12-31,3768,478.06
2024-12-31,3769,407.33
2024-12-31,3770,282.03
2024-12-31,3771,303.74
2024-12-31,3773,522.04
2024-12-31,3774,871.15
2024-12-31,3775,419.57
2024-12-31,3776,728.26
2024-12-31,3777,217.3
2024-12-31,3779,197.59
2024-12-31,3782,276.22
2024-12-31,3783,583.28
2024-12-31,3784,210.94
2024-12-31,3787,324.45
2024-12-31,3788,286.22
2024-12-31,3790,258.53
2024-12-31,3792,377.63
2024-12-31,3795,594.27
2024-12-31,3798,284.77
2024-12-31,3799,184.74
2024-12-31,3802,547.25
2024-12-31,3803,184.04
2024-12-31,3807,151.09
2024-12-31,3811,501.5
2024-12-31,3812,280.27
2024-12-31,3814,240.01
2024-12-31,3817,226.18
2024-12-31,3818,303.99
2024-12-31,3819,202.18
2024-12-31,3821,167.55
2024-12-31,3822,431.39
2024-12-31,3824,222.72
2024-12-31,3827,165.09
2024-12-31,3828,456.07
2024-12-31,3830,699.7
2024-12-31,3831,332.93
2024-12-31,3837,190.75
2024-12-31,3838,244.19
2024-12-31,3839,576.98
2024-12-31,3844,222.83
2024-12-31,3846,271.22
2024-12-31,3848,634.4
2024-12-31,3850,221.76
2024-12-31,3851,661.57
2024-12-31,3853,382.6
2024-12-31,3854,424.7
2024-12-31,3859,695.04
2024-12-31,3861,188.08
2024-12-31,3862,521.57
2024-12-31,3864,230.74
2024-12-31,3866,461.49
2024-12-31,3868,182.36
2024-12-31,3870,300.93
2024-12-31,3872,391.53
2024-12-31,3876,342
2024-12-31,3877,257.64
2024-12-31,3878,457.25
2024-12-31,3882,762.99
2024-12-31,3883,375.12
2024-12-31,3884,359.54
2024-12-31,3885,178.43
2024-12-31,3886,391.76
2024-12-31,3888,253.03
2024-12-31,3889,289.38
2024-12-31,3890,250.88
2024-12-31,3891,252.49
2024-12-31,3892,345.36
2024-12-31,3895,302.06
2024-12-31,3899,357.42
2024-12-31,3900,224.01
2024-12-31,3901,472.23
2024-12-31,3902,273
2024-12-31,3908,368.59
2024-12-31,3909,242.89
2024-12-31,3910,417.44
2024-12-31,3911,474.39
2024-12-31,3912,533.85
2024-12-31,3913,986.46
2024-12-31,3914,251.27
2024-12-31,3915,295.38
2024-12-31,3921,345.37
2024-12-31,3923,315.94
2024-12-31,3924,425.62
2024-12-31,3931,388.92
2024-12-31,3933,200.3
2024-12-31,3935,200.78
2024-12-31,3937,514.56
2024-12-31,3939,388.96
2024-12-31,3940,327.42
2024-12-31,3941,262.33
2024-12-31,3942,215.82
2024-12-31,3944,248.06
2024-12-31,3947,321.79
2024-12-31,3951,314.88
2024-12-31,3952,391.96
2024-12-31,3954,522.74
2024-12-31,3955,289.5
2024-12-31,3957,872.8
2024-12-31,3959,378.16
2024-12-31,3960,278.07
2024-12-31,3963,534.47
2024-12-31,3964,415.88
2024-12-31,3965,151.6
2024-12-31,3970,711.27
2024-12-31,3975,681.86
2024-12-31,3976,507.08
2024-12-31,3978,187.18
2024-12-31,3983,884.55
2024-12-31,3984,261.68
2024-12-31,3987,523.76
2024-12-31,3989,162.17
2024-12-31,3990,178.82
2024-12-31,3994,355.08
2024-12-31,3998,477.77
2024-12-31,3999,442.92
2024-12-31,4002,243.16
2024-12-31,4004,107.74
2024-12-31,4006,392.84
2024-12-31,4010,191.51
2024-12-31,4013,324.32
2024-12-31,4014,245.38
2024-12-31,4015,351.87
2024-12-31,4016,533.03
2024-12-31,4018,439.99
2024-12-31,4019,539.47
2024-12-31,4020,231.05
2024-12-31,4021,561.64
2024-12-31,4022,364.01
2024-12-31,4024,220.84
2024-12-31,4025,346.89
2024-12-31,4032,280.87
2024-12-31,4033,730.4
2024-12-31,4034,393.9
2024-12-31,4038,263.46
2024-12-31,4039,134.71
2024-12-31,4040,174.74
2024-12-31,4041,374.53
2024-12-31,4042,163.81
2024-12-31,4043,216.61
2024-12-31,4046,596.48
2024-12-31,4047,203.79
2024-12-31,4049,428.64
2024-12-31,4051,364.88
2024-12-31,4052,522.91
2024-12-31,4054,290.37
2024-12-31,4055,208.53
2024-12-31,4058,744.68
2024-12-31,4059,229.63
2024-12-31,4060,346.08
2024-12-31,4061,266.41
2024-12-31,4062,322.67
2024-12-31,4063,544.42
2024-12-31,4068,200.26
2024-12-31,4069,264.69
2024-12-31,4071,239.23
2024-12-31,4073,390.48
2024-12-31,4074,510.77
2024-12-31,4077,165.48
2024-12-31,4078,466.94
2024-12-31,4079,187.88
2024-12-31,4082,454.17
2024-12-31,4085,101.75
2024-12-31,4089,284.51
2024-12-31,4091,843.84
2024-12-31,4096,267.96
2024-12-31,4097,147.6
2024-12-31,4099,305.5
2024-12-31,4103,428.4
2024-12-31,4105,471.41
2024-12-31,4106,607.28
2024-12-31,4109,620.21
2024-12-31,4110,945.67
2024-12-31,4111,176.87
2024-12-31,4113,155.97
2024-12-31,4115,445.8
2024-12-31,4116,497.39
2024-12-31,4118,479.21
2024-12-31,4120,265.97
2024-12-31,4121,407.08
2024-12-31,4126,243.5
2024-12-31,4127,384.43
2024-12-31,4129,411.39
2024-12-31,4132,466.32
2024-12-31,4133,169.7
2024-12-31,4135,252.17
2024-12-31,4141,415.09
2024-12-31,4144,322.39
2024-12-31,4145,184.78
2024-12-31,4149,191.7
2024-12-31,4150,366.08
2024-12-31,4151,173.3
2024-12-31,4156,228.2
2024-12-31,4158,453.73
2024-12-31,4160,572.88
2024-12-31,4163,190.98
2024-12-31,4168,398.58
2024-12-31,4169,240.04
2024-12-31,4171,466.77
2024-12-31,4174,400.65
2024-12-31,4176,362.76
2024-12-31,4178,239.42
2024-12-31,4179,265.46
2024-12-31,4180,149.41
2024-12-31,4182,236.51
2024-12-31,4187,541.03
2024-12-31,4188,316.2
2024-12-31,4191,130.2
2024-12-31,4193,310.5
2024-12-31,4195,719.25
2024-12-31,4196,359.26
2024-12-31,4198,575.92
2024-12-31,4201,290.18
2024-12-31,4202,481.91
2024-12-31,4206,216.17
2024-12-31,4207,217.07
2024-12-31,4208,298.9
2024-12-31,4209,338.28
2024-12-31,4210,720.34
2024-12-31,4214,422.43
2024-12-31,4216,520.27
2024-12-31,4217,329.85
2024-12-31,4220,307.55
2024-12-31,4221,415.21
2024-12-31,4222,348.33
2024-12-31,4224,279.47
2024-12-31,4229,750.84
2024-12-31,4233,292.7
2024-12-31,4234,422.67
2024-12-31,4235,292.22
2024-12-31,4236,146.57
2024-12-31,4238,323.44
2024-12-31,4240,490.57
2024-12-31,4243,144.93
2024-12-31,4244,320.56
2024-12-31,4248,328.9
2024-12-31,4250,298.12
2024-12-31,4251,154.35
2024-12-31,4254,279.18
2024-12-31,4255,325.13
2024-12-31,4256,230.97
2024-12-31,4257,242.98
2024-12-31,4260,328.86
2024-12-31,4261,207.67
2024-12-31,4262,458.54
2024-12-31,4264,313.23
2024-12-31,4268,273.9
2024-12-31,4269,240.64
2024-12-31,4273,285.3
2024-12-31,4274,406.39
2024-12-31,4275,538.48
2024-12-31,4276,720.39
2024-12-31,4277,133.9
2024-12-31,4279,396.19
2024-12-31,4280,142.53
2024-12-31,4282,356.62
2024-12-31,4283,618.27
2024-12-31,4284,307.88
2024-12-31,4286,419
2024-12-31,4288,273.01
2024-12-31,4289,488.17
2024-12-31,4292,165.56
2024-12-31,4303,151.14
2024-12-31,4306,379.66
2024-12-31,4307,261.41
2024-12-31,4309,330.22
2024-12-31,4310,284.8
2024-12-31,4314,239.14
2024-12-31,4315,444.23
2024-12-31,4316,268.13
2024-12-31,4317,660.94
2024-12-31,4318,342.21
2024-12-31,4321,426.82
2024-12-31,4322,248
2024-12-31,4327,727.05
2024-12-31,4328,239.16
2024-12-31,4329,404.31
2024-12-31,4330,349.54
2024-12-31,4332,394.06
2024-12-31,4333,231.3
2024-12-31,4335,146.53
2024-12-31,4336,265.85
2024-12-31,4338,194.79
2024-12-31,4344,195.64
2024-12-31,4345,406.95
2024-12-31,4347,413.11
2024-12-31,4348,405.63
2024-12-31,4350,271.56
2024-12-31,4352,324.7
2024-12-31,4353,451.86
2024-12-31,4355,232.02
2024-12-31,4361,241.13
2024-12-31,4362,511.41
2024-12-31,4367,468.49
2024-12-31,4369,983.22
2024-12-31,4370,253.45
2024-12-31,4371,373.64
2024-12-31,4374,604.78
2024-12-31,4375,964.37
2024-12-31,4376,285.57
2024-12-31,4381,392.18
2024-12-31,4383,334.98
2024-12-31,4385,538.04
2024-12-31,4387,195.48
2024-12-31,4388,121.21
2024-12-31,4391,379.99
2024-12-31,4392,274.56
2024-12-31,4394,310.2
2024-12-31,4395,168.41
2024-12-31,4396,806.91
2024-12-31,4398,214.03
2024-12-31,4403,134.72
2024-12-31,4405,584.95
2024-12-31,4406,196.72
2024-12-31,4407,161.54
2024-12-31,4408,114.78
2024-12-31,4414,367.87
2024-12-31,4417,634.36
2024-12-31,4418,346.42
2024-12-31,4419,128.85
2024-12-31,4421,138.7
2024-12-31,4424,389.13
2024-12-31,4425,518.41
2024-12-31,4426,273.63
2024-12-31,4427,322.15
2024-12-31,4428,416.29
2024-12-31,4429,322.02
2024-12-31,4432,311.1
2024-12-31,4433,375.08
2024-12-31,4437,279.29
2024-12-31,4439,318.4
2024-12-31,4440,147.06
2024-12-31,4441,208.88
2024-12-31,4442,238.3
2024-12-31,4446,239.8
2024-12-31,4447,111.98
2024-12-31,4448,693.53
2024-12-31,4451,166.89
2024-12-31,4452,202
2024-12-31,4454,212.88
2024-12-31,4456,295.71
2024-12-31,4457,227.42
2024-12-31,4458,517.12
2024-12-31,4462,452.08
2024-12-31,4463,304.54
2024-12-31,4464,326.07
2024-12-31,4465,260.71
2024-12-31,4466,205.22
2024-12-31,4467,193.4
2024-12-31,4468,301.34
2024-12-31,4470,146.88
2024-12-31,4471,304.57
2024-12-31,4472,275.9
2024-12-31,4474,536.9
2024-12-31,4476,536.79
2024-12-31,4479,303.1
2024-12-31,4480,412.87
2024-12-31,4483,437.27
2024-12-31,4485,186.48
2024-12-31,4486,317.52
2024-12-31,4488,239.91
2024-12-31,4490,230.72
2024-12-31,4492,474.21
2024-12-31,4493,127.17
2024-12-31,4494,424.62
2024-12-31,4495,242.69
2024-12-31,4498,435.59
2024-12-31,4500,224.36
2024-12-31,4501,271.81
2024-12-31,4502,373.15
2024-12-31,4503,347.33
2024-12-31,4505,245.95
2024-12-31,4506,91.47
2024-12-31,4507,478.19
2024-12-31,4508,211.24
2024-12-31,4509,391.36
2024-12-31,4512,286.49
2024-12-31,4513,240.62
2024-12-31,4514,381.22
2024-12-31,4516,339.36
2024-12-31,4517,528.32
2024-12-31,4519,211.8
2024-12-31,4522,726.66
2024-12-31,4524,304.41
2024-12-31,4525,180.14
2024-12-31,4526,423.94
2024-12-31,4529,999.07
2024-12-31,4532,518.95
2024-12-31,4533,444.35
2024-12-31,4534,288.89
2024-12-31,4537,267.35
2024-12-31,4538,510.84
2024-12-31,4540,423.94
2024-12-31,4541,144.24
2024-12-31,4542,356.1
2024-12-31,4545,350.31
2024-12-31,4546,154.14
2024-12-31,4547,575.59
2024-12-31,4551,523.48
2024-12-31,4552,300.69
2024-12-31,4553,433.88
2024-12-31,4555,512.64
2024-12-31,4556,292.55
2024-12-31,4557,248.22
2024-12-31,4558,254.59
2024-12-31,4560,363.54
2024-12-31,4562,504.62
2024-12-31,4563,441
2024-12-31,4564,579.82
2024-12-31,4568,163.15
2024-12-31,4569,253.04
2024-12-31,4571,254.63
2024-12-31,4572,303.22
2024-12-31,4573,247.04
2024-12-31,4575,404.99
2024-12-31,4578,146.05
2024-12-31,4582,265.59
2024-12-31,4583,1002.02
2024-12-31,4585,261.27
2024-12-31,4586,289.08
2024-12-31,4587,535.06
2024-12-31,4588,174.59
2024-12-31,4594,449.72
2024-12-31,4597,370.81
2024-12-31,4599,268.99
2024-12-31,4601,522.78
2024-12-31,4602,185.32
2024-12-31,4603,391.95
2024-12-31,4606,282.67
2024-12-31,4607,168.64
2024-12-31,4610,553.55
2024-12-31,4613,369.38
2024-12-31,4615,296.16
2024-12-31,4616,241
2024-12-31,4618,333.85
2024-12-31,4619,436.33
2024-12-31,4620,1245.24
2024-12-31,4626,145.26
2024-12-31,4627,387.08
2024-12-31,4630,138.58
2024-12-31,4631,124.93
2024-12-31,4632,675
2024-12-31,4634,271.13
2024-12-31,4636,225.5
2024-12-31,4638,588.2
2024-12-31,4642,242.57
2024-12-31,4648,302.62
2024-12-31,4651,555.98
2024-12-31,4652,347.91
2024-12-31,4653,267.34
2024-12-31,4656,490.17
2024-12-31,4658,517.13
2024-12-31,4659,297.31
2024-12-31,4660,278.37
2024-12-31,4661,311.61
2024-12-31,4666,745.36
2024-12-31,4667,388.59
2024-12-31,4668,220.64
2024-12-31,4669,361.67
2024-12-31,4670,193.09
2024-12-31,4671,474.46
2024-12-31,4675,384.99
2024-12-31,4681,217.16
2024-12-31,4683,604.64
2024-12-31,4684,309.43
2024-12-31,4685,410.94
2024-12-31,4687,278.03
2024-12-31,4696,469.89
2024-12-31,4700,302.32
2024-12-31,4702,152.62
2024-12-31,4705,235.31
2024-12-31,4713,259.92
2024-12-31,4714,397.28
2024-12-31,4715,516.95
2024-12-31,4716,265.21
2024-12-31,4717,470.37
2024-12-31,4721,427.05
2024-12-31,4722,286.2
2024-12-31,4724,294.74
2024-12-31,4726,168.09
2024-12-31,4727,223
2024-12-31,4728,500.08
2024-12-31,4729,305.62
2024-12-31,4730,395.32
2024-12-31,4733,1602.66
2024-12-31,4741,258.08
2024-12-31,4742,291.8
2024-12-31,4745,144.93
2024-12-31,4747,139.37
2024-12-31,4751,259.09
2024-12-31,4752,895.9
2024-12-31,4753,578.62
2024-12-31,4756,430.69
2024-12-31,4758,216.1
2024-12-31,4759,179.11
2024-12-31,4760,516.41
2024-12-31,4761,314.27
2024-12-31,4762,118.42
2024-12-31,4763,288.18
2024-12-31,4773,344.81
2024-12-31,4774,710.64
2024-12-31,4778,162.22
2024-12-31,4779,219.45
2024-12-31,4780,667.64
2024-12-31,4782,184.71
2024-12-31,4786,396.67
2024-12-31,4787,194.49
2024-12-31,4788,236.29
2024-12-31,4792,199.83
2024-12-31,4795,655.03
2024-12-31,4796,147.95
2024-12-31,4797,309.87
2024-12-31,4798,218.53
2024-12-31,4801,303.44
2024-12-31,4802,110.01
2024-12-31,4804,600.31
2024-12-31,4805,350.13
2024-12-31,4808,178.28
2024-12-31,4809,308.98
2024-12-31,4810,283
2024-12-31,4811,212.41
2024-12-31,4813,279.47
2024-12-31,4815,385.87
2024-12-31,4816,254.27
2024-12-31,4817,248.61
2024-12-31,4819,251.38
2024-12-31,4820,281.06
2024-12-31,4821,569.73
2024-12-31,4823,811.8
2024-12-31,4824,453.67
2024-12-31,4827,643.66
2024-12-31,4830,368.78
2024-12-31,4831,285.12
2024-12-31,4833,233.1
2024-12-31,4836,415.55
2024-12-31,4837,530.58
2024-12-31,4838,287.61
2024-12-31,4839,542.29
2024-12-31,4840,487.21
2024-12-31,4841,176.77
2024-12-31,4842,220.31
2024-12-31,4843,328.34
2024-12-31,4845,367.36
2024-12-31,4847,408.29
2024-12-31,4849,223.05
2024-12-31,4850,264.62
2024-12-31,4851,273.09
2024-12-31,4852,264.68
2024-12-31,4855,401.77
2024-12-31,4857,165.58
2024-12-31,4858,407.16
2024-12-31,4860,269.67
2024-12-31,4865,752.85
2024-12-31,4866,320.65
2024-12-31,4867,451.6
2024-12-31,4868,260.6
2024-12-31,4869,235.72
2024-12-31,4872,392.87
2024-12-31,4873,162.19
2024-12-31,4874,230.34
2024-12-31,4876,734.27
2024-12-31,4877,242.82
2024-12-31,4879,356.71
2024-12-31,4880,229.08
2024-12-31,4882,363.6
2024-12-31,4884,287.41
2024-12-31,4887,238.19
2024-12-31,4889,469.03
2024-12-31,4890,284.86
2024-12-31,4891,448.87
2024-12-31,4893,241.27
2024-12-31,4895,118.15
2024-12-31,4898,185.4
2024-12-31,4900,382.36
2024-12-31,4902,411.11
2024-12-31,4904,274.73
2024-12-31,4905,365.66
2024-12-31,4907,364.85
2024-12-31,4910,166.35
2024-12-31,4915,324.66
2024-12-31,4918,339.1
2024-12-31,4923,248.7
2024-12-31,4925,511.97
2024-12-31,4927,600.55
2024-12-31,4928,336.75
2024-12-31,4930,193.02
2024-12-31,4934,258.27
2024-12-31,4935,405.68
2024-12-31,4937,483.22
2024-12-31,4938,178.42
2024-12-31,4939,290.43
2024-12-31,4942,294.8
2024-12-31,4943,340.57
2024-12-31,4944,244
2024-12-31,4946,336.78
2024-12-31,4948,314.65
2024-12-31,4949,229.66
2024-12-31,4950,262.27
2024-12-31,4951,235.71
2024-12-31,4952,286.85
2024-12-31,4957,429.95
2024-12-31,4959,568.64
2024-12-31,4961,301.82
2024-12-31,4965,600.72
2024-12-31,4966,378.32
2024-12-31,4967,272.52
2024-12-31,4968,165.51
2024-12-31,4972,403.44
2024-12-31,4973,430.72
2024-12-31,4975,176.23
2024-12-31,4976,557.15
2024-12-31,4979,202.03
2024-12-31,4980,521.1
2024-12-31,4981,253.52
2024-12-31,4982,220.77
2024-12-31,4985,421.83
2024-12-31,4987,262.84
2024-12-31,4992,318.73
2024-12-31,4994,284.36
2024-12-31,4995,465.95
2024-12-31,4996,478.28
2024-12-31,5001,158.03
2024-12-31,5005,551.74
2024-12-31,5009,187.26
2024-12-31,5012,491.08
2024-12-31,5013,211.91
2024-12-31,5015,489.99
2024-12-31,5016,407.57
2024-12-31,5017,417.86
2024-12-31,5018,254.35
2024-12-31,5020,286.47
2024-12-31,5022,483.49
2024-12-31,5024,285.32
2024-12-31,5025,354.9
2024-12-31,5026,538.36
2024-12-31,5027,197.41
2024-12-31,5028,520.58
2024-12-31,5029,621.94
2024-12-31,5032,674.63
2024-12-31,5035,300.82
2024-12-31,5038,719.87
2024-12-31,5039,564.96
2024-12-31,5040,870.46
2024-12-31,5042,242.31
2024-12-31,5043,87.73
2024-12-31,5045,311.29
2024-12-31,5048,207.52
2024-12-31,5049,197.26
2024-12-31,5050,701.91
2024-12-31,5051,466.56
2024-12-31,5054,257.82
2024-12-31,5055,292.17
2024-12-31,5056,369.75
2024-12-31,5057,614.92
2024-12-31,5059,262.3
2024-12-31,5061,363.95
2024-12-31,5065,209.63
2024-12-31,5066,419.08
2024-12-31,5069,404.65
2024-12-31,5070,833.71
2024-12-31,5071,387.9
2024-12-31,5072,611.92
2024-12-31,5073,382.17
2024-12-31,5074,364.16
2024-12-31,5077,254.55
2024-12-31,5079,527.97
2024-12-31,5080,426.95
2024-12-31,5081,433.68
2024-12-31,5084,173.64
2024-12-31,5085,214.42
2024-12-31,5087,420.61
2024-12-31,5088,973.7
2024-12-31,5091,183.14
2024-12-31,5092,357.72
2024-12-31,5093,148.72
2024-12-31,5094,296.83
2024-12-31,5096,240.29
2024-12-31,5099,361.04
2024-12-31,5100,154.27
2024-12-31,5103,224.09
2024-12-31,5104,648.84
2024-12-31,5108,444.72
2024-12-31,5110,465.22
2024-12-31,5111,1116.59
2024-12-31,5113,237.76
2024-12-31,5114,332.37
2024-12-31,5116,326.92
2024-12-31,5117,215.69
2024-12-31,5120,403.52
2024-12-31,5121,297.19
2024-12-31,5124,403.53
2024-12-31,5129,220.68
2024-12-31,5130,272.79
2024-12-31,5131,411.59
2024-12-31,5133,333.2
2024-12-31,5134,197.12
2024-12-31,5136,304.36
2024-12-31,5137,332.98
2024-12-31,5140,311.14
2024-12-31,5141,195.74
2024-12-31,5148,526.99
2024-12-31,5151,484.97
2024-12-31,5152,396.73
2024-12-31,5155,306.75
2024-12-31,5156,122.74
2024-12-31,5157,144.7
2024-12-31,5158,319.07
2024-12-31,5160,252.03
2024-12-31,5161,432.16
2024-12-31,5164,286.82
2024-12-31,5165,385.32
2024-12-31,5168,249.98
2024-12-31,5169,253.26
2024-12-31,5170,354.8
2024-12-31,5172,300.09
2024-12-31,5175,256.92
2024-12-31,5176,540.86
2024-12-31,5177,226.69
2024-12-31,5178,203.12
2024-12-31,5181,256.37
2024-12-31,5182,275.78
2024-12-31,5184,188.64
2024-12-31,5186,321.26
2024-12-31,5187,196.15
2024-12-31,5189,553.19
2024-12-31,5191,299.04
2024-12-31,5192,292.18
2024-12-31,5193,220.44
2024-12-31,5195,720
2024-12-31,5196,363.05
2024-12-31,5197,220.55
2024-12-31,5198,232.92
2024-12-31,5200,480.27
2024-12-31,5208,420.47
2024-12-31,5210,631.11
2024-12-31,5212,351.35
2024-12-31,5213,180.45
2024-12-31,5214,325.98
2024-12-31,5216,327.96
2024-12-31,5218,535.25
2024-12-31,5220,300.35
2024-12-31,5224,205.74
2024-12-31,5225,439.29
2024-12-31,5226,337.83
2024-12-31,5227,1079.93
2024-12-31,5228,795.65
2024-12-31,5230,151.92
2024-12-31,5232,160.84
2024-12-31,5234,437.48
2024-12-31,5239,201.56
2024-12-31,5243,433.55
2024-12-31,5245,321.33
2024-12-31,5246,142.57
2024-12-31,5252,387.58
2024-12-31,5253,346.86
2024-12-31,5255,248.56
2024-12-31,5256,275.84
2024-12-31,5261,333.96
2024-12-31,5263,312.37
2024-12-31,5265,408.08
2024-12-31,5268,322.98
2024-12-31,5269,348.72
2024-12-31,5270,272.93
2024-12-31,5272,196.85
2024-12-31,5273,261.81
2024-12-31,5275,398.42
2024-12-31,5277,327.36
2024-12-31,5278,137.6
2024-12-31,5281,203.06
2024-12-31,5283,103.33
2024-12-31,5284,210.97
2024-12-31,5286,324.41
2024-12-31,5288,136.01
2024-12-31,5289,532.27
2024-12-31,5290,431.21
2024-12-31,5292,188.59
2024-12-31,5293,518.27
2024-12-31,5294,379.15
2024-12-31,5297,356.22
2024-12-31,5299,225.21
2024-12-31,5300,312.53
2024-12-31,5302,468.29
2024-12-31,5303,170.14
2024-12-31,5304,237.78
2024-12-31,5306,545.26
2024-12-31,5308,235.87
2024-12-31,5313,802.26
2024-12-31,5314,707.54
2024-12-31,5315,360.2
2024-12-31,5317,256.43
2024-12-31,5318,342.84
2024-12-31,5319,143.5
2024-12-31,5320,535.26
2024-12-31,5322,148.6
2024-12-31,5323,149.22
2024-12-31,5326,715.61
2024-12-31,5327,939.65
2024-12-31,5328,291.59
2024-12-31,5329,368.23
2024-12-31,5334,211.85
2024-12-31,5337,445.12
2024-12-31,5339,491.15
2024-12-31,5340,112.07
2024-12-31,5343,377.74
2024-12-31,5345,440.38
2024-12-31,5351,391.03
2024-12-31,5352,152.32
2024-12-31,5356,696.8
2024-12-31,5360,238.44
2024-12-31,5363,165.44
2024-12-31,5366,415.18
2024-12-31,5368,330.72
2024-12-31,5370,232.66
2024-12-31,5371,373.3
2024-12-31,5374,409.39
2024-12-31,5378,193.81
2024-12-31,5379,352.11
2024-12-31,5381,190.69
2024-12-31,5390,354.15
2024-12-31,5394,451.48
2024-12-31,5395,514.8
2024-12-31,5396,474.79
2024-12-31,5397,782.59
2024-12-31,5398,256.19
2024-12-31,5403,182.18
2024-12-31,5407,328.48
2024-12-31,5408,304.78
2024-12-31,5410,205.38
2024-12-31,5411,295.47
2024-12-31,5414,305.57
2024-12-31,5415,231.76
2024-12-31,5420,309.61
2024-12-31,5424,295.93
2024-12-31,5428,299.34
2024-12-31,5429,605.57
2024-12-31,5430,154.65
2024-12-31,5434,277.56
2024-12-31,5437,586.42
2024-12-31,5438,240.71
2024-12-31,5440,272.55
2024-12-31,5441,354.93
2024-12-31,5442,222.16
2024-12-31,5448,177.11
2024-12-31,5451,378.11
2024-12-31,5452,304.83
2024-12-31,5455,223.44
2024-12-31,5457,321.16
2024-12-31,5461,199.51
2024-12-31,5462,521.02
2024-12-31,5463,189.6
2024-12-31,5464,202.34
2024-12-31,5465,327.34
2024-12-31,5469,346.16
2024-12-31,5471,413.36
2024-12-31,5477,193.31
2024-12-31,5480,321.31
2024-12-31,5483,462.95
2024-12-31,5484,574.91
2024-12-31,5486,317.6
2024-12-31,5488,467.49
2024-12-31,5489,358.5
2024-12-31,5494,277.24
2024-12-31,5495,285.34
2024-12-31,5497,672.16
2024-12-31,5502,418.35
2024-12-31,5504,414.02
2024-12-31,5508,317.49
2024-12-31,5510,435.9
2024-12-31,5512,491.9
2024-12-31,5513,424.17
2024-12-31,5514,318.93
2024-12-31,5515,208.42
2024-12-31,5517,630.36
2024-12-31,5521,187.31
2024-12-31,5522,493.1
2024-12-31,5527,329.74
2024-12-31,5529,295.05
2024-12-31,5530,270.09
2024-12-31,5533,331.27
2024-12-31,5534,229.39
2024-12-31,5535,163.8
2024-12-31,5536,337.11
2024-12-31,5537,267.55
2024-12-31,5539,316.46
2024-12-31,5540,727.44
2024-12-31,5543,227.99
2024-12-31,5544,239.59
2024-12-31,5547,356.14
2024-12-31,5550,592.84
2024-12-31,5553,430
2024-12-31,5557,288.24
2024-12-31,5558,355.5
2024-12-31,5565,417.52
2024-12-31,5568,585.5
2024-12-31,5570,161.34
2024-12-31,5571,204.48
2024-12-31,5572,477.89
2024-12-31,5573,158.37
2024-12-31,5575,727.59
2024-12-31,5576,318.28
2024-12-31,5578,142.33
2024-12-31,5580,183.55
2024-12-31,5581,357.69
2024-12-31,5583,124.15
2024-12-31,5584,305.34
2024-12-31,5585,175.77
2024-12-31,5587,279.13
2024-12-31,5589,174.11
2024-12-31,5590,395.95
2024-12-31,5593,347.05
2024-12-31,5594,462.27
2024-12-31,5595,317.28
2024-12-31,5596,317.4
2024-12-31,5598,516.55
2024-12-31,5600,348.85
2024-12-31,5602,563.55
2024-12-31,5607,436.07
2024-12-31,5609,395.56
2024-12-31,5610,370.43
2024-12-31,5612,509.06
2024-12-31,5615,240.22
2024-12-31,5616,226.39
2024-12-31,5617,689.85
2024-12-31,5618,411.94
2024-12-31,5621,294.45
2024-12-31,5622,342.37
2024-12-31,5623,278.8
2024-12-31,5624,366.85
2024-12-31,5626,628.78
2024-12-31,5627,116.22
2024-12-31,5630,388.89
2024-12-31,5634,243.02
2024-12-31,5635,891.97
2024-12-31,5637,432.07
2024-12-31,5638,293.37
2024-12-31,5641,261.73
2024-12-31,5643,317.84
2024-12-31,5645,567.42
2024-12-31,5647,233.26
2024-12-31,5648,450.59
2024-12-31,5650,453.12
2024-12-31,5652,191.39
2024-12-31,5653,130.77
2024-12-31,5655,211.05
2024-12-31,5659,446.52
2024-12-31,5662,200.6
2024-12-31,5664,748.1
2024-12-31,5666,246.95
2024-12-31,5669,440.36
2024-12-31,5670,315.29
2024-12-31,5671,398.85
2024-12-31,5676,421.31
2024-12-31,5678,212.94
2024-12-31,5679,277.73
2024-12-31,5682,487.55
2024-12-31,5684,449.28
2024-12-31,5685,459.57
2024-12-31,5686,512.52
2024-12-31,5688,139.53
2024-12-31,5690,260.91
2024-12-31,5692,388.63
2024-12-31,5694,253.53
2024-12-31,5695,266.03
2024-12-31,5696,314.27
2024-12-31,5697,117.39
2024-12-31,5698,368.86
2024-12-31,5701,443.48
2024-12-31,5702,225.99
2024-12-31,5703,458.49
2024-12-31,5707,647.08
2024-12-31,5708,280.86
2024-12-31,5709,539.49
2024-12-31,5710,572.49
2024-12-31,5711,260.5
2024-12-31,5720,386.38
2024-12-31,5721,396.65
2024-12-31,5725,285.14
2024-12-31,5730,351.02
2024-12-31,5731,351.89
2024-12-31,5734,176.43
2024-12-31,5735,334.18
2024-12-31,5737,322.55
2024-12-31,5739,246.5
2024-12-31,5740,239.01
2024-12-31,5742,935.18
2024-12-31,5745,159.08
2024-12-31,5749,722.33
2024-12-31,5750,260.91
2024-12-31,5751,656.05
2024-12-31,5752,299.29
2024-12-31,5754,507.74
2024-12-31,5755,367.75
2024-12-31,5756,548.51
2024-12-31,5758,308.65
2024-12-31,5761,226.58
2024-12-31,5763,203.28
2024-12-31,5766,260.35
2024-12-31,5767,152.77
2024-12-31,5770,351.3
2024-12-31,5771,693.13
2024-12-31,5772,186.18
2024-12-31,5773,263.86
2024-12-31,5775,398.29
2024-12-31,5777,539.56
2024-12-31,5779,318.26
2024-12-31,5782,186.05
2024-12-31,5787,165.37
2024-12-31,5790,276.3
2024-12-31,5794,223.71
2024-12-31,5795,306.57
2024-12-31,5799,320.87
2024-12-31,5804,357.37
2024-12-31,5805,416.71
2024-12-31,5809,200.81
2024-12-31,5810,432.88
2024-12-31,5814,300.82
2024-12-31,5815,312.34
2024-12-31,5816,361.77
2024-12-31,5818,501.96
2024-12-31,5821,326.09
2024-12-31,5826,196.24
2024-12-31,5827,164.27
2024-12-31,5829,176.26
2024-12-31,5830,156.4
2024-12-31,5832,326.41
2024-12-31,5833,510.94
2024-12-31,5834,263.75
2024-12-31,5835,441.95
2024-12-31,5837,525.84
2024-12-31,5840,580.32
2024-12-31,5842,308.21
2024-12-31,5851,481.94
2024-12-31,5852,127.78
2024-12-31,5854,139.38
2024-12-31,5855,508.8
2024-12-31,5856,478.69
2024-12-31,5859,272.02
2024-12-31,5860,311.75
2024-12-31,5861,275.77
2024-12-31,5867,218.03
2024-12-31,5870,195.96
2024-12-31,5871,301.97
2024-12-31,5872,156.34
2024-12-31,5874,521.02
2024-12-31,5877,373.19
2024-12-31,5878,157
2024-12-31,5880,339.3
2024-12-31,5881,459.7
2024-12-31,5883,147.31
2024-12-31,5884,121.7
2024-12-31,5886,245.44
2024-12-31,5887,233.51
2024-12-31,5889,235.16
2024-12-31,5890,552.15
2024-12-31,5892,482.72
2024-12-31,5893,472.67
2024-12-31,5895,668.62
2024-12-31,5896,286.11
2024-12-31,5898,158.98
2024-12-31,5901,388.83
2024-12-31,5903,369.26
2024-12-31,5904,180.22
2024-12-31,5906,381.57
2024-12-31,5911,424.02
2024-12-31,5912,358.35
2024-12-31,5914,539.88
2024-12-31,5916,601.36
2024-12-31,5919,191.08
2024-12-31,5921,408.91
2024-12-31,5924,213.16
2024-12-31,5925,423.16
2024-12-31,5927,206.7
2024-12-31,5928,140.44
2024-12-31,5930,484.39
2024-12-31,5931,222.29
2024-12-31,5932,327.57
2024-12-31,5933,274.79
2024-12-31,5934,339.9
2024-12-31,5937,438.55
2024-12-31,5940,331.66
2024-12-31,5942,293.66
2024-12-31,5943,285.09
2024-12-31,5944,389.23
2024-12-31,5945,231.32
2024-12-31,5946,158.24
2024-12-31,5947,433.33
2024-12-31,5949,335.95
2024-12-31,5950,429.92
2024-12-31,5951,506.31
2024-12-31,5953,373.5
2024-12-31,5954,269.49
2024-12-31,5955,283.1
2024-12-31,5957,524.22
2024-12-31,5959,400.43
2024-12-31,5962,884.68
2024-12-31,5963,225.82
2024-12-31,5969,163.17
2024-12-31,5971,184.95
2024-12-31,5972,372.54
2024-12-31,5973,408.53
2024-12-31,5976,422.45
2024-12-31,5978,204.16
2024-12-31,5982,235.72
2024-12-31,5983,1042.06
2024-12-31,5984,578.24
2024-12-31,5987,296.2
2024-12-31,5988,381.71
2024-12-31,5989,579.82
2024-12-31,5990,207.07
2024-12-31,5991,731.44
2024-12-31,5994,507.58
2024-12-31,5995,512.34
2024-12-31,5997,350.96
2024-12-31,5999,397.64
2024-12-31,6009,276.13
2024-12-31,6011,384.64
2024-12-31,6012,336.47
2024-12-31,6013,377.2
2024-12-31,6015,565.3
2024-12-31,6016,459.98
2024-12-31,6017,410.17
2024-12-31,6019,625.59
2024-12-31,6021,360.47
2024-12-31,6024,372.53
2024-12-31,6025,528.34
2024-12-31,6029,333.77
2024-12-31,6030,127.42
2024-12-31,6031,468.58
2024-12-31,6033,285.43
2024-12-31,6034,903.32
2024-12-31,6035,283.21
2024-12-31,6036,165.55
2024-12-31,6037,338.56
2024-12-31,6038,507.18
2024-12-31,6039,405.81
2024-12-31,6040,416.86
2024-12-31,6043,208.34
2024-12-31,6045,232.01
2024-12-31,6046,446.21
2024-12-31,6047,195.77
2024-12-31,6048,375.74
2024-12-31,6049,276.82
2024-12-31,6053,439.81
2024-12-31,6054,492.9
2024-12-31,6055,459.05
2024-12-31,6060,567.99
2024-12-31,6063,752.19
2024-12-31,6064,446.65
2024-12-31,6066,226.87
2024-12-31,6067,152.5
2024-12-31,6070,504.89
2024-12-31,6072,806.32
2024-12-31,6073,380.77
2024-12-31,6074,270.82
2024-12-31,6076,294.31
2024-12-31,6082,247.65
2024-12-31,6083,326.4
2024-12-31,6089,268.6
2024-12-31,6090,510.88
2024-12-31,6091,175.89
2024-12-31,6094,363.92
2024-12-31,6095,460.81
2024-12-31,6096,758.68
2024-12-31,6097,266.65
2024-12-31,6098,421.7
2024-12-31,6101,263.67
2024-12-31,6103,300.36
2024-12-31,6105,163.5
2024-12-31,6106,181.17
2024-12-31,6110,582.5
2024-12-31,6111,489.68
2024-12-31,6114,215.54
2024-12-31,6115,703.31
2024-12-31,6116,264.48
2024-12-31,6117,619.59
2024-12-31,6118,413.03
2024-12-31,6119,371.53
2024-12-31,6120,320.39
2024-12-31,6121,263
2024-12-31,6122,321.54
2024-12-31,6124,225.35
2024-12-31,6128,224.72
2024-12-31,6129,317.34
2024-12-31,6130,448.44
2024-12-31,6131,421.02
2024-12-31,6134,401.87
2024-12-31,6136,335.33
2024-12-31,6137,267.7
2024-12-31,6138,194.83
2024-12-31,6145,293.35
2024-12-31,6153,450.04
2024-12-31,6162,242.24
2024-12-31,6163,394.96
2024-12-31,6165,485.25
2024-12-31,6167,503.05
2024-12-31,6168,344.47
2024-12-31,6169,525.98
2024-12-31,6170,145.68
2024-12-31,6172,332.18
2024-12-31,6176,282.81
2024-12-31,6178,190.51
2024-12-31,6179,538.91
2024-12-31,6180,377.89
2024-12-31,6181,315.66
2024-12-31,6182,427.2
2024-12-31,6184,302.6
2024-12-31,6185,313.31
2024-12-31,6186,412.42
2024-12-31,6187,252.9
2024-12-31,6189,566.16
2024-12-31,6190,260.48
2024-12-31,6192,140.15
2024-12-31,6194,197.08
2024-12-31,6195,189.7
2024-12-31,6196,475.37
2024-12-31,6198,271.29
2024-12-31,6202,863.77
2024-12-31,6203,287.78
2024-12-31,6204,325.03
2024-12-31,6205,102.98
2024-12-31,6207,301.1
2024-12-31,6208,191.72
2024-12-31,6209,188.06
2024-12-31,6210,300.96
2024-12-31,6211,316.4
2024-12-31,6212,208.4
2024-12-31,6214,422.35
2024-12-31,6216,238.6
2024-12-31,6218,517.27
2024-12-31,6222,190.31
2024-12-31,6225,372.72
2024-12-31,6228,236.98
2024-12-31,6229,481.78
2024-12-31,6230,1133.27
2024-12-31,6234,287.55
2024-12-31,6237,556.85
2024-12-31,6238,497.64
2024-12-31,6243,572.74
2024-12-31,6244,500.45
2024-12-31,6245,209.28
2024-12-31,6246,306
2024-12-31,6247,430.11
2024-12-31,6248,172.68
2024-12-31,6249,899.71
2024-12-31,6251,344.48
2024-12-31,6252,313.03
2024-12-31,6254,270.33
2024-12-31,6257,501.67
2024-12-31,6258,191.64
2024-12-31,6260,193.63
2024-12-31,6266,175.81
2024-12-31,6268,438.54
2024-12-31,6272,380.06
2024-12-31,6273,178.58
2024-12-31,6275,172.95
2024-12-31,6280,380.36
2024-12-31,6281,344.43
2024-12-31,6282,307.01
2024-12-31,6284,419.94
2024-12-31,6285,320.81
2024-12-31,6292,376.67
2024-12-31,6295,175.69
2024-12-31,6296,484.2
2024-12-31,6297,340.87
2024-12-31,6303,355.21
2024-12-31,6309,285.92
2024-12-31,6311,280.62
2024-12-31,6312,145.64
2024-12-31,6314,347.66
2024-12-31,6317,354.01
2024-12-31,6318,732.72
2024-12-31,6319,260.74
2024-12-31,6321,535.73
2024-12-31,6324,389.68
2024-12-31,6325,736.66
2024-12-31,6326,379.03
2024-12-31,6327,258.7
2024-12-31,6328,304.81
2024-12-31,6329,169.49
2024-12-31,6332,177.91
2024-12-31,6333,202.16
2024-12-31,6334,441.37
2024-12-31,6335,346.1
2024-12-31,6337,409.46
2024-12-31,6338,306.27
2024-12-31,6341,455.48
2024-12-31,6342,712.65
2024-12-31,6345,134.73
2024-12-31,6346,282.47
2024-12-31,6348,357.4
2024-12-31,6349,135.56
2024-12-31,6351,253.11
2024-12-31,6352,644.62
2024-12-31,6359,283.63
2024-12-31,6360,250.08
2024-12-31,6361,212.47
2024-12-31,6362,266.91
2024-12-31,6363,401.86
2024-12-31,6367,405.12
2024-12-31,6368,259.11
2024-12-31,6370,690.68
2024-12-31,6371,247.98
2024-12-31,6372,211.71
2024-12-31,6376,509.62
2024-12-31,6378,547.06
2024-12-31,6379,205.38
2024-12-31,6380,206.73
2024-12-31,6384,232.93
2024-12-31,6387,448.16
2024-12-31,6388,493.3
2024-12-31,6389,348.07
2024-12-31,6390,220.54
2024-12-31,6391,293.34
2024-12-31,6392,483.12
2024-12-31,6393,144.69
2024-12-31,6394,728
2024-12-31,6398,786.8
2024-12-31,6400,765.72
2024-12-31,6405,507.29
2024-12-31,6406,444.19
2024-12-31,6407,409.73
2024-12-31,6410,298.16
2024-12-31,6414,661.68
2024-12-31,6415,464.97
2024-12-31,6416,270.44
2024-12-31,6417,287.46
2024-12-31,6418,205.47
2024-12-31,6419,560.68
2024-12-31,6420,912.15
2024-12-31,6421,199.61
2024-12-31,6422,290.85
2024-12-31,6423,364.24
2024-12-31,6424,500.16
2024-12-31,6425,198.66
2024-12-31,6427,495.83
2024-12-31,6429,198
2024-12-31,6430,413.16
2024-12-31,6431,535.39
2024-12-31,6437,306.06
2024-12-31,6438,299.32
2024-12-31,6440,907.87
2024-12-31,6441,563.42
2024-12-31,6443,150.99
2024-12-31,6444,225.52
2024-12-31,6448,174.28
2024-12-31,6453,164.77
2024-12-31,6455,198.24
2024-12-31,6456,497.8
2024-12-31,6460,402.48
2024-12-31,6462,782.06
2024-12-31,6465,421.01
2024-12-31,6466,474
2024-12-31,6468,486.61
2024-12-31,6471,399.42
2024-12-31,6472,424.88
2024-12-31,6475,404.29
2024-12-31,6476,350.88
2024-12-31,6477,424.88
2024-12-31,6478,264.92
2024-12-31,6479,378.07
2024-12-31,6481,296.69
2024-12-31,6482,344.8
2024-12-31,6484,233.75
2024-12-31,6486,243.69
2024-12-31,6488,215.66
2024-12-31,6491,378.09
2024-12-31,6494,463.73
2024-12-31,6495,326.21
2024-12-31,6501,138.74
2024-12-31,6502,331.63
2024-12-31,6503,116.99
2024-12-31,6511,227.12
2024-12-31,6512,305.45
2024-12-31,6514,286.94
2024-12-31,6518,557.72
2024-12-31,6520,302.03
2024-12-31,6524,250.43
2024-12-31,6525,167.19
2024-12-31,6528,342.79
2024-12-31,6530,255.16
2024-12-31,6531,308.01
2024-12-31,6535,430.03
2024-12-31,6538,309.73
2024-12-31,6539,400.96
2024-12-31,6541,361.72
2024-12-31,6542,274.97
2024-12-31,6545,677.72
2024-12-31,6546,321.94
2024-12-31,6548,387.33
2024-12-31,6549,272.1
2024-12-31,6550,127.04
2024-12-31,6553,322.96
2024-12-31,6559,204.41
2024-12-31,6566,138.41
2024-12-31,6567,278.87
2024-12-31,6568,293.93
2024-12-31,6570,391.27
2024-12-31,6573,300.7
2024-12-31,6579,287.58
2024-12-31,6580,166.4
2024-12-31,6581,416.26
2024-12-31,6582,296.48
2024-12-31,6583,215.66
2024-12-31,6587,205.08
2024-12-31,6590,237.42
2024-12-31,6592,257.38
2024-12-31,6595,293
2024-12-31,6596,403.22
2024-12-31,6599,264.68
2024-12-31,6602,204.92
2024-12-31,6603,371.65
2024-12-31,6605,237.4
2024-12-31,6607,278.19
2024-12-31,6609,316.02
2024-12-31,6612,237.24
2024-12-31,6613,452.2
2024-12-31,6615,347.05
2024-12-31,6616,172.61
2024-12-31,6617,244.72
2024-12-31,6619,314.29
2024-12-31,6620,356.89
2024-12-31,6621,288.98
2024-12-31,6624,236.91
2024-12-31,6628,271.94
2024-12-31,6629,639.28
2024-12-31,6631,269.05
2024-12-31,6635,487.08
2024-12-31,6636,333.52
2024-12-31,6637,585.89
2024-12-31,6639,382.22
2024-12-31,6642,545.32
2024-12-31,6644,245.62
2024-12-31,6645,388.18
2024-12-31,6648,347.05
2024-12-31,6651,270.57
2024-12-31,6655,325.02
2024-12-31,6656,245.77
2024-12-31,6664,600.21
2024-12-31,6666,399.36
2024-12-31,6671,1266.7
2024-12-31,6672,654.74
2024-12-31,6674,363.54
2024-12-31,6675,623.87
2024-12-31,6677,441.79
2024-12-31,6682,415.09
2024-12-31,6686,203.56
2024-12-31,6687,551.54
2024-12-31,6689,358.22
2024-12-31,6690,254.23
2024-12-31,6691,173.6
2024-12-31,6692,245.45
2024-12-31,6701,200.39
2024-12-31,6704,279.98
2024-12-31,6705,169.19
2024-12-31,6710,153.91
2024-12-31,6712,488.6
2024-12-31,6713,246.02
2024-12-31,6717,200.25
2024-12-31,6718,419.15
2024-12-31,6721,200.83
2024-12-31,6722,825.43
2024-12-31,6723,337.19
2024-12-31,6724,187.3
2024-12-31,6725,541.98
2024-12-31,6728,391.9
2024-12-31,6731,280.12
2024-12-31,6734,458.61
2024-12-31,6735,229.35
2024-12-31,6737,218.41
2024-12-31,6738,410.67
2024-12-31,6740,496.64
2024-12-31,6743,82.85
2024-12-31,6744,512.33
2024-12-31,6750,270.89
2024-12-31,6756,335.91
2024-12-31,6759,405.12
2024-12-31,6760,423.86
2024-12-31,6763,173.64
2024-12-31,6764,447.97
2024-12-31,6766,184.83
2024-12-31,6767,303.79
2024-12-31,6770,559.5
2024-12-31,6771,245.1
2024-12-31,6772,269.24
2024-12-31,6774,357.93
2024-12-31,6775,308.44
2024-12-31,6777,408.69
2024-12-31,6780,511.83
2024-12-31,6781,130.35
2024-12-31,6782,177.59
2024-12-31,6783,664.57
2024-12-31,6784,313.78
2024-12-31,6787,205.99
2024-12-31,6791,296.72
2024-12-31,6792,173.41
2024-12-31,6794,210.58
2024-12-31,6796,219.51
2024-12-31,6797,304.73
2024-12-31,6799,340.64
2024-12-31,6800,167.8
2024-12-31,6801,235.48
2024-12-31,6802,532.94
2024-12-31,6803,375.71
2024-12-31,6804,388.22
2024-12-31,6808,157.57
2024-12-31,6811,615.39
2024-12-31,6812,528.33
2024-12-31,6813,526.89
2024-12-31,6814,212.45
2024-12-31,6816,200.24
2024-12-31,6818,697.43
2024-12-31,6819,117.58
2024-12-31,6820,284.67
2024-12-31,6823,800.95
2024-12-31,6828,198
2024-12-31,6829,227.17
2024-12-31,6831,333.16
2024-12-31,6834,139.46
2024-12-31,6836,494.98
2024-12-31,6837,366.27
2024-12-31,6838,352.16
2024-12-31,6839,583.47
2024-12-31,6840,295.54
2024-12-31,6842,411.36
2024-12-31,6847,549.74
2024-12-31,6848,354.57
2024-12-31,6850,492.2
2024-12-31,6852,444.41
2024-12-31,6856,262.01
2024-12-31,6859,119.91
2024-12-31,6860,613.8
2024-12-31,6866,595.89
2024-12-31,6868,110.13
2024-12-31,6871,391.52
2024-12-31,6874,179.76
2024-12-31,6875,309.26
2024-12-31,6876,156.57
2024-12-31,6877,464.53
2024-12-31,6883,192.11
2024-12-31,6885,206.65
2024-12-31,6886,772.88
2024-12-31,6888,402.18
2024-12-31,6889,437.67
2024-12-31,6893,383.25
2024-12-31,6895,414.89
2024-12-31,6896,230.37
2024-12-31,6906,358.35
2024-12-31,6909,719.35
2024-12-31,6910,255.85
2024-12-31,6911,111.5
2024-12-31,6912,207.04
2024-12-31,6917,516.53
2024-12-31,6920,227.6
2024-12-31,6921,519.63
2024-12-31,6922,583.36
2024-12-31,6923,367.32
2024-12-31,6924,280.68
2024-12-31,6925,469.93
2024-12-31,6926,212.69
2024-12-31,6927,229.73
2024-12-31,6928,559.3
2024-12-31,6929,405.72
2024-12-31,6930,256.12
2024-12-31,6931,283.47
2024-12-31,6932,270.8
2024-12-31,6933,251.59
2024-12-31,6936,506.68
2024-12-31,6939,793.07
2024-12-31,6940,214.67
2024-12-31,6941,618.17
2024-12-31,6944,554.26
2024-12-31,6945,222.89
2024-12-31,6946,222.94
2024-12-31,6948,1554.5
2024-12-31,6949,354.11
2024-12-31,6950,571.11
2024-12-31,6951,411.75
2024-12-31,6955,631.77
2024-12-31,6958,453.69
2024-12-31,6959,724.19
2024-12-31,6961,353.3
2024-12-31,6962,113.53
2024-12-31,6964,196.56
2024-12-31,6967,192.15
2024-12-31,6975,407.93
2024-12-31,6976,222.38
2024-12-31,6977,254.38
2024-12-31,6978,212.17
2024-12-31,6979,437.16
2024-12-31,6980,392.93
2024-12-31,6981,183.71
2024-12-31,6983,257.9
2024-12-31,6984,227.86
2024-12-31,6985,625.27
2024-12-31,6987,133.57
2024-12-31,6988,118.06
2024-12-31,6989,123.27
2024-12-31,6991,264.02
2024-12-31,6993,250.79
2024-12-31,6995,287.21
2024-12-31,6996,224.62
2024-12-31,6999,414.6
2024-12-31,7000,408.46
2024-12-31,7001,290.18
2024-12-31,7002,312.24
2024-12-31,7006,235.29
2024-12-31,7008,296.42
2024-12-31,7009,160.26
2024-12-31,7010,303.78
2024-12-31,7011,153.09
2024-12-31,7013,187.27
2024-12-31,7014,175.03
2024-12-31,7018,185.74
2024-12-31,7020,395.89
2024-12-31,7023,227.96
2024-12-31,7024,793.26
2024-12-31,7030,290.09
2024-12-31,7035,326.27
2024-12-31,7036,853.92
2024-12-31,7038,307.95
2024-12-31,7039,376.7
2024-12-31,7041,242.7
2024-12-31,7044,309.06
2024-12-31,7049,654.63
2024-12-31,7053,295.07
2024-12-31,7055,358.12
2024-12-31,7057,98.5
2024-12-31,7058,363.21
2024-12-31,7059,374.07
2024-12-31,7060,415.69
2024-12-31,7061,883.83
2024-12-31,7062,112.81
2024-12-31,7064,151.61
2024-12-31,7065,226.23
2024-12-31,7066,400.6
2024-12-31,7069,211.43
2024-12-31,7070,127.27
2024-12-31,7072,353.19
2024-12-31,7073,262.78
2024-12-31,7074,135.23
2024-12-31,7075,401.46
2024-12-31,7076,431.32
2024-12-31,7078,413
2024-12-31,7079,213.35
2024-12-31,7081,290.86
2024-12-31,7085,636.25
2024-12-31,7086,168.5
2024-12-31,7088,246.74
2024-12-31,7091,570.37
2024-12-31,7092,199.27
2024-12-31,7093,610.74
2024-12-31,7098,171.04
2024-12-31,7099,97.85
2024-12-31,7100,304.26
2024-12-31,7103,413.76
2024-12-31,7104,347.65
2024-12-31,7107,281.12
2024-12-31,7108,551.75
2024-12-31,7111,378.86
2024-12-31,7114,530.8
2024-12-31,7123,316.82
2024-12-31,7124,735.33
2024-12-31,7129,562.76
2024-12-31,7133,515.11
2024-12-31,7137,176.03
2024-12-31,7139,316
2024-12-31,7142,334.28
2024-12-31,7143,259.83
2024-12-31,7144,224.63
2024-12-31,7146,184.48
2024-12-31,7148,117.78
2024-12-31,7153,381.89
2024-12-31,7154,595.75
2024-12-31,7155,297.55
2024-12-31,7160,571.97
2024-12-31,7161,267.81
2024-12-31,7164,798.96
2024-12-31,7165,293.03
2024-12-31,7167,365.25
2024-12-31,7172,139.63
2024-12-31,7175,197.71
2024-12-31,7178,185.96
2024-12-31,7180,393.98
2024-12-31,7181,234.53
2024-12-31,7182,195.81
2024-12-31,7188,358.46
2024-12-31,7191,235.31
2024-12-31,7192,86.71
2024-12-31,7193,201.25
2024-12-31,7194,314.27
2024-12-31,7195,178.49
2024-12-31,7196,414.49
2024-12-31,7197,335.06
2024-12-31,7199,146.76
2024-12-31,7200,284.14
2024-12-31,7201,276.29
2024-12-31,7203,204.48
2024-12-31,7207,203.27
2024-12-31,7209,630.01
2024-12-31,7210,684.37
2024-12-31,7212,369.12
2024-12-31,7213,153.63
2024-12-31,7214,621.18
2024-12-31,7215,378.44
2024-12-31,7216,345.05
2024-12-31,7218,320.92
2024-12-31,7219,454.5
2024-12-31,7220,388.04
2024-12-31,7225,660.02
2024-12-31,7227,140.84
2024-12-31,7229,398.84
2024-12-31,7230,378.96
2024-12-31,7231,227.52
2024-12-31,7232,345.59
2024-12-31,7236,485.78
2024-12-31,7239,199.17
2024-12-31,7240,560.82
2024-12-31,7243,360.83
2024-12-31,7244,266.93
2024-12-31,7245,168.31
2024-12-31,7246,210.55
2024-12-31,7248,103.71
2024-12-31,7249,349.6
2024-12-31,7250,178.85
2024-12-31,7252,209.72
2024-12-31,7253,295.7
2024-12-31,7255,549.38
2024-12-31,7256,226.11
2024-12-31,7258,152.91
2024-12-31,7259,286.4
2024-12-31,7263,326.23
2024-12-31,7265,345.58
2024-12-31,7266,318.41
2024-12-31,7267,212.53
2024-12-31,7268,247.02
2024-12-31,7269,340.58
2024-12-31,7274,200.66
2024-12-31,7275,531.52
2024-12-31,7278,245.5
2024-12-31,7282,215.67
2024-12-31,7284,149.63
2024-12-31,7285,168.82
2024-12-31,7291,585.74
2024-12-31,7292,410.45
2024-12-31,7294,207.79
2024-12-31,7295,220.74
2024-12-31,7296,252.09
2024-12-31,7297,201.18
2024-12-31,7300,567.51
2024-12-31,7301,185.88
2024-12-31,7302,349.57
2024-12-31,7305,556.75
2024-12-31,7308,350.81
2024-12-31,7309,124.95
2024-12-31,7311,329.02
2024-12-31,7312,361.25
2024-12-31,7314,469.48
2024-12-31,7315,280.81
2024-12-31,7316,115.37
2024-12-31,7319,619.81
2024-12-31,7320,508.66
2024-12-31,7321,283.59
2024-12-31,7322,149.78
2024-12-31,7323,250.07
2024-12-31,7324,334.68
2024-12-31,7330,571
2024-12-31,7332,176.31
2024-12-31,7333,306.96
2024-12-31,7334,535.73
2024-12-31,7337,207.9
2024-12-31,7340,217.72
2024-12-31,7342,669.44
2024-12-31,7343,302.55
2024-12-31,7345,285.82
2024-12-31,7346,245.4
2024-12-31,7347,287.6
2024-12-31,7348,331.93
2024-12-31,7352,234.15
2024-12-31,7358,523.66
2024-12-31,7360,494.97
2024-12-31,7363,434.41
2024-12-31,7365,621.92
2024-12-31,7367,293.72
2024-12-31,7368,267.33
2024-12-31,7371,201.7
2024-12-31,7374,316.93
2024-12-31,7375,203.63
2024-12-31,7382,290.03
2024-12-31,7383,156.06
2024-12-31,7385,418.36
2024-12-31,7386,485.46
2024-12-31,7387,195.04
2024-12-31,7388,550.06
2024-12-31,7389,382.36
2024-12-31,7390,141.44
2024-12-31,7391,461.21
2024-12-31,7392,374.73
2024-12-31,7398,176.12
2024-12-31,7399,446.82
2024-12-31,7403,443.96
2024-12-31,7404,362.37
2024-12-31,7406,247.49
2024-12-31,7409,356.26
2024-12-31,7410,491.42
2024-12-31,7412,472.4
2024-12-31,7415,254.72
2024-12-31,7416,280.62
2024-12-31,7418,318.33
2024-12-31,7419,157.51
2024-12-31,7420,225.63
2024-12-31,7422,510.66
2024-12-31,7425,231.45
2024-12-31,7427,638.21
2024-12-31,7428,519.62
2024-12-31,7429,276.01
2024-12-31,7431,491.22
2024-12-31,7433,454.28
2024-12-31,7434,490.52
2024-12-31,7435,465.55
2024-12-31,7436,221.58
2024-12-31,7437,296.23
2024-12-31,7440,168.79
2024-12-31,7441,259.81
2024-12-31,7442,274.76
2024-12-31,7443,479.83
2024-12-31,7444,443.17
2024-12-31,7445,209.99
2024-12-31,7446,289.97
2024-12-31,7451,186.47
2024-12-31,7452,540.84
2024-12-31,7453,495.84
2024-12-31,7457,483.3
2024-12-31,7460,289.63
2024-12-31,7461,716.97
2024-12-31,7462,402.03
2024-12-31,7463,133.42
2024-12-31,7464,743.2
2024-12-31,7465,220.83
2024-12-31,7468,172.49
2024-12-31,7469,523.25
2024-12-31,7476,456.28
2024-12-31,7479,219.01
2024-12-31,7481,645.24
2024-12-31,7484,514.32
2024-12-31,7485,786.58
2024-12-31,7489,156.09
2024-12-31,7490,553.71
2024-12-31,7491,430.76
2024-12-31,7495,369.98
2024-12-31,7497,308.96
2024-12-31,7498,159.44
2024-12-31,7501,315.76
2024-12-31,7502,194.32
2024-12-31,7506,244.09
2024-12-31,7507,181.65
2024-12-31,7508,247.75
2024-12-31,7510,404.38
2024-12-31,7511,483.1
2024-12-31,7512,602.59
2024-12-31,7518,391.39
2024-12-31,7522,382.36
2024-12-31,7526,240.36
2024-12-31,7528,468.22
2024-12-31,7529,858.81
2024-12-31,7531,268.5
2024-12-31,7532,363.28
2024-12-31,7533,137.98
2024-12-31,7534,343.52
2024-12-31,7538,298.15
2024-12-31,7540,525.34
2024-12-31,7541,213.2
2024-12-31,7542,456.96
2024-12-31,7543,521.06
2024-12-31,7547,139.86
2024-12-31,7550,346.63
2024-12-31,7551,322.76
2024-12-31,7552,284.44
2024-12-31,7553,350.27
2024-12-31,7561,293.5
2024-12-31,7562,458.33
2024-12-31,7563,280.78
2024-12-31,7564,283.92
2024-12-31,7567,250.46
2024-12-31,7571,257.12
2024-12-31,7572,431.65
2024-12-31,7579,245.45
2024-12-31,7581,466.96
2024-12-31,7582,358.43
2024-12-31,7585,349.91
2024-12-31,7589,196.31
2024-12-31,7592,374.86
2024-12-31,7597,551.86
2024-12-31,7598,644.58
2024-12-31,7600,538.97
2024-12-31,7601,203.59
2024-12-31,7604,222.29
2024-12-31,7605,266.84
2024-12-31,7607,174.6
2024-12-31,7609,137.21
2024-12-31,7610,358.87
2024-12-31,7611,379.42
2024-12-31,7614,189.83
2024-12-31,7615,414.07
2024-12-31,7616,171.09
2024-12-31,7619,263.26
2024-12-31,7621,485.35
2024-12-31,7622,273.71
2024-12-31,7623,677.91
2024-12-31,7625,222
2024-12-31,7627,374.29
2024-12-31,7630,498.65
2024-12-31,7631,419.98
2024-12-31,7634,479.9
2024-12-31,7635,308.88
2024-12-31,7636,275.69
2024-12-31,7637,212.64
2024-12-31,7647,241.87
2024-12-31,7648,523.25
2024-12-31,7649,258.89
2024-12-31,7650,218.42
2024-12-31,7652,215.66
2024-12-31,7654,152.93
2024-12-31,7657,577.11
2024-12-31,7659,282.19
2024-12-31,7661,210.34
2024-12-31,7663,220.74
2024-12-31,7666,421.33
2024-12-31,7668,345.59
2024-12-31,7670,245.92
2024-12-31,7673,206
2024-12-31,7674,634.3
2024-12-31,7678,181.07
2024-12-31,7683,515.09
2024-12-31,7686,378.34
2024-12-31,7688,379.48
2024-12-31,7689,450.71
2024-12-31,7695,617.07
2024-12-31,7697,307.35
2024-12-31,7700,302.18
2024-12-31,7701,198.12
2024-12-31,7702,692.86
2024-12-31,7704,348.09
2024-12-31,7705,566.82
2024-12-31,7706,196.72
2024-12-31,7709,703.9
2024-12-31,7713,554.98
2024-12-31,7714,246.92
2024-12-31,7717,427.96
2024-12-31,7718,768.04
2024-12-31,7720,323.87
2024-12-31,7721,451.89
2024-12-31,7723,328.91
2024-12-31,7724,604.89
2024-12-31,7726,102.64
2024-12-31,7729,348.96
2024-12-31,7730,370.11
2024-12-31,7733,365.37
2024-12-31,7736,375.61
2024-12-31,7737,583.6
2024-12-31,7744,260.82
2024-12-31,7747,180.7
2024-12-31,7749,635.62
2024-12-31,7751,263.3
2024-12-31,7752,170.29
2024-12-31,7753,287.92
2024-12-31,7755,622.46
2024-12-31,7757,432.73
2024-12-31,7759,253.17
2024-12-31,7760,355.78
2024-12-31,7761,302.03
2024-12-31,7764,495.24
2024-12-31,7768,395.41
2024-12-31,7770,238.61
2024-12-31,7773,788.64
2024-12-31,7776,245.52
2024-12-31,7778,352.73
2024-12-31,7780,309.92
2024-12-31,7781,277.45
2024-12-31,7782,485.88
2024-12-31,7783,299.79
2024-12-31,7784,157.55
2024-12-31,7785,399.76
2024-12-31,7788,344.26
2024-12-31,7789,212.6
2024-12-31,7791,392.58
2024-12-31,7792,106.16
2024-12-31,7794,959.1
2024-12-31,7795,160.04
2024-12-31,7798,200.99
2024-12-31,7804,471.16
2024-12-31,7806,600.77
2024-12-31,7807,218.62
2024-12-31,7809,181.47
2024-12-31,7810,498.3
2024-12-31,7813,322.36
2024-12-31,7815,356.31
2024-12-31,7817,519.28
2024-12-31,7818,238.17
2024-12-31,7819,394.67
2024-12-31,7821,319.73
2024-12-31,7822,375.87
2024-12-31,7823,295
2024-12-31,7826,635
2024-12-31,7827,174.23
2024-12-31,7828,295.24
2024-12-31,7830,445.87
2024-12-31,7836,456.12
2024-12-31,7838,382.73
2024-12-31,7840,584.35
2024-12-31,7842,244.99
2024-12-31,7844,581.32
2024-12-31,7847,251.22
2024-12-31,7851,363.41
2024-12-31,7853,418.83
2024-12-31,7855,232.39
2024-12-31,7857,285.71
2024-12-31,7858,465.01
2024-12-31,7860,463.77
2024-12-31,7862,250.25
2024-12-31,7863,655.41
2024-12-31,7866,236.85
2024-12-31,7868,463.57
2024-12-31,7869,247.28
2024-12-31,7870,403.49
2024-12-31,7871,243.19
2024-12-31,7874,313.83
2024-12-31,7875,489.99
2024-12-31,7877,334.11
2024-12-31,7879,327
2024-12-31,7880,291.12
2024-12-31,7881,417.64
2024-12-31,7883,859.79
2024-12-31,7884,420.95
2024-12-31,7886,217.42
2024-12-31,7889,341.71
2024-12-31,7891,470.85
2024-12-31,7892,400.55
2024-12-31,7893,216.6
2024-12-31,7894,184.3
2024-12-31,7896,279.92
2024-12-31,7897,136.27
2024-12-31,7898,499.95
2024-12-31,7899,391.49
2024-12-31,7902,513.44
2024-12-31,7904,344.45
2024-12-31,7907,763.63
2024-12-31,7911,438.23
2024-12-31,7912,318.84
2024-12-31,7913,448.57
2024-12-31,7915,178.25
2024-12-31,7916,213.16
2024-12-31,7917,482.78
2024-12-31,7921,216.55
2024-12-31,7922,427.22
2024-12-31,7924,579.39
2024-12-31,7925,522.7
2024-12-31,7926,443.1
2024-12-31,7928,334.04
2024-12-31,7930,346.56
2024-12-31,7931,232.75
2024-12-31,7933,297
2024-12-31,7934,300.5
2024-12-31,7935,103.72
2024-12-31,7938,262.01
2024-12-31,7939,653.7
2024-12-31,7942,288.84
2024-12-31,7944,474.62
2024-12-31,7945,329.53
2024-12-31,7949,318.35
2024-12-31,7952,160.76
2024-12-31,7955,644.18
2024-12-31,7957,424.59
2024-12-31,7965,196.43
2024-12-31,7967,735.78
2024-12-31,7968,479.4
2024-12-31,7969,381.61
2024-12-31,7971,327.68
2024-12-31,7972,534.69
2024-12-31,7974,281.19
2024-12-31,7978,274.07
2024-12-31,7980,870.56
2024-12-31,7981,486.1
2024-12-31,7984,469.51
2024-12-31,7985,280.5
2024-12-31,7990,278.08
2024-12-31,7992,324.65
2024-12-31,7993,259.09
2024-12-31,7995,229.38
2024-12-31,7997,86.98
2024-12-31,7998,334.86
2024-12-31,8000,123.48
2024-12-31,8005,287.01
2024-12-31,8010,373.33
2024-12-31,8012,366.32
2024-12-31,8017,340.98
2024-12-31,8018,642.95
2024-12-31,8019,272.97
2024-12-31,8020,289.25
2024-12-31,8021,128.14
2024-12-31,8022,511.06
2024-12-31,8024,202.51
2024-12-31,8025,160.9
2024-12-31,8027,475.8
2024-12-31,8028,488.89
2024-12-31,8030,461.63
2024-12-31,8032,369.9
2024-12-31,8033,312.31
2024-12-31,8035,447.13
2024-12-31,8037,444.03
2024-12-31,8038,451.22
2024-12-31,8041,388.5
2024-12-31,8042,241.21
2024-12-31,8043,370.53
2024-12-31,8044,301.92
2024-12-31,8047,321.36
2024-12-31,8049,551.86
2024-12-31,8050,334.59
2024-12-31,8052,469.9
2024-12-31,8053,592.14
2024-12-31,8055,170.38
2024-12-31,8057,325.62
2024-12-31,8059,521.22
2024-12-31,8061,288.26
2024-12-31,8064,87.85
2024-12-31,8066,288.12
2024-12-31,8067,355.8
2024-12-31,8069,544.93
2024-12-31,8070,351.87
2024-12-31,8073,515.9
2024-12-31,8074,848.37
2024-12-31,8075,672.07
2024-12-31,8076,270.94
2024-12-31,8077,589.38
2024-12-31,8078,231.09
2024-12-31,8080,278.85
2024-12-31,8082,156.54
2024-12-31,8087,512.69
2024-12-31,8088,443.19
2024-12-31,8093,217.46
2024-12-31,8094,322.02
2024-12-31,8096,367.29
2024-12-31,8098,236.75
2024-12-31,8101,348.23
2024-12-31,8102,677.57
2024-12-31,8103,589.64
2024-12-31,8104,466.82
2024-12-31,8106,160.73
2024-12-31,8107,280.92
2024-12-31,8109,524.25
2024-12-31,8112,348.39
2024-12-31,8113,203.67
2024-12-31,8114,347.26
2024-12-31,8116,1995.61
2024-12-31,8117,236.82
2024-12-31,8118,210.93
2024-12-31,8119,253.92
2024-12-31,8122,308.92
2024-12-31,8126,405.56
2024-12-31,8128,460.17
2024-12-31,8137,242.07
2024-12-31,8138,430.15
2024-12-31,8140,679.46
2024-12-31,8141,383.56
2024-12-31,8144,436.58
2024-12-31,8145,235.36
2024-12-31,8146,559.4
2024-12-31,8148,493.21
2024-12-31,8149,109.5
2024-12-31,8150,377.75
2024-12-31,8152,193.23
2024-12-31,8155,283.04
2024-12-31,8157,542.22
2024-12-31,8158,468.9
2024-12-31,8163,176.63
2024-12-31,8164,548.7
2024-12-31,8165,100.2
2024-12-31,8167,608.94
2024-12-31,8168,361.15
2024-12-31,8170,313.26
2024-12-31,8172,361.88
2024-12-31,8173,244.48
2024-12-31,8175,316.53
2024-12-31,8180,258.47
2024-12-31,8183,250.68
2024-12-31,8184,250.25
2024-12-31,8185,372.54
2024-12-31,8188,176.12
2024-12-31,8190,306.2
2024-12-31,8191,320.48
2024-12-31,8192,256.29
2024-12-31,8195,238.47
2024-12-31,8197,625.54
2024-12-31,8198,402.78
2024-12-31,8202,552.39
2024-12-31,8205,360.87
2024-12-31,8207,383.2
2024-12-31,8212,395.2
2024-12-31,8215,193.19
2024-12-31,8221,244.29
2024-12-31,8222,311.79
2024-12-31,8223,189.52
2024-12-31,8228,220.02
2024-12-31,8230,308.59
2024-12-31,8231,301.04
2024-12-31,8232,201.81
2024-12-31,8234,267.19
2024-12-31,8237,289.77
2024-12-31,8238,344.63
2024-12-31,8239,330.93
2024-12-31,8241,243.02
2024-12-31,8242,194.15
2024-12-31,8247,201.05
2024-12-31,8248,511.34
2024-12-31,8249,201.51
2024-12-31,8253,335.19
2024-12-31,8254,194.57
2024-12-31,8257,378.34
2024-12-31,8259,141.88
2024-12-31,8260,270.37
2024-12-31,8262,174.2
2024-12-31,8263,110.3
2024-12-31,8264,161.33
2024-12-31,8267,519.68
2024-12-31,8268,469.59
2024-12-31,8272,224.69
2024-12-31,8273,138.57
2024-12-31,8274,237.73
2024-12-31,8275,471.82
2024-12-31,8277,691.1
2024-12-31,8278,819.47
2024-12-31,8282,443.97
2024-12-31,8287,284.76
2024-12-31,8290,828
2024-12-31,8291,213.02
2024-12-31,8294,117.1
2024-12-31,8295,209.51
2024-12-31,8296,387.82
2024-12-31,8298,501.2
2024-12-31,8299,236.56
2024-12-31,8300,156.92
2024-12-31,8301,290.31
2024-12-31,8302,290.08
2024-12-31,8303,372.2
2024-12-31,8309,457.85
2024-12-31,8310,383.81
2024-12-31,8312,567.75
2024-12-31,8317,541.48
2024-12-31,8321,287.43
2024-12-31,8322,429.72
2024-12-31,8325,260.03
2024-12-31,8327,296.27
2024-12-31,8328,448.44
2024-12-31,8329,146.05
2024-12-31,8330,280.87
2024-12-31,8331,682.32
2024-12-31,8333,396.81
2024-12-31,8334,293.35
2024-12-31,8335,631.49
2024-12-31,8336,302.79
2024-12-31,8337,464.21
2024-12-31,8338,252.91
2024-12-31,8340,350.65
2024-12-31,8341,668.91
2024-12-31,8342,317.67
2024-12-31,8343,187.31
2024-12-31,8344,263.09
2024-12-31,8345,159.3
2024-12-31,8347,71.04
2024-12-31,8351,698.57
2024-12-31,8354,425.94
2024-12-31,8358,165.86
2024-12-31,8360,303.53
2024-12-31,8364,477.5
2024-12-31,8368,309.34
2024-12-31,8369,190.68
2024-12-31,8371,521.68
2024-12-31,8372,221.84
2024-12-31,8373,214.33
2024-12-31,8374,625.98
2024-12-31,8378,120.56
2024-12-31,8379,306.53
2024-12-31,8380,191.05
2024-12-31,8382,385.63
2024-12-31,8383,195.27
2024-12-31,8384,495.98
2024-12-31,8385,287.66
2024-12-31,8387,203.04
2024-12-31,8388,367.55
2024-12-31,8389,320.62
2024-12-31,8390,452.56
2024-12-31,8393,496.7
2024-12-31,8394,595.98
2024-12-31,8395,227.24
2024-12-31,8396,204.86
2024-12-31,8400,115.26
2024-12-31,8401,307.54
2024-12-31,8406,177.11
2024-12-31,8407,331.71
2024-12-31,8410,161.91
2024-12-31,8411,230.34
2024-12-31,8413,533.36
2024-12-31,8418,194.04
2024-12-31,8420,476.03
2024-12-31,8422,326.84
2024-12-31,8425,236.45
2024-12-31,8427,117.42
2024-12-31,8428,440.88
2024-12-31,8429,450.19
2024-12-31,8430,252.54
2024-12-31,8434,409.94
2024-12-31,8436,168
2024-12-31,8437,362.72
2024-12-31,8442,156.6
2024-12-31,8443,754.82
2024-12-31,8444,217.65
2024-12-31,8445,205.13
2024-12-31,8449,442.34
2024-12-31,8451,267.28
2024-12-31,8452,464.14
2024-12-31,8453,239.54
2024-12-31,8454,512.61
2024-12-31,8457,168.49
2024-12-31,8458,646.93
2024-12-31,8459,484.98
2024-12-31,8461,183.28
2024-12-31,8462,259.09
2024-12-31,8463,222.35
2024-12-31,8464,525.98
2024-12-31,8468,336.98
2024-12-31,8470,244.73
2024-12-31,8471,627.3
2024-12-31,8472,170.67
2024-12-31,8473,201.8
2024-12-31,8474,258.84
2024-12-31,8476,478.87
2024-12-31,8477,802.85
2024-12-31,8479,370.24
2024-12-31,8482,198.64
2024-12-31,8483,350.16
2024-12-31,8484,531.75
2024-12-31,8487,242.36
2024-12-31,8488,271.98
2024-12-31,8491,999.85
2024-12-31,8492,974.96
2024-12-31,8493,182.64
2024-12-31,8494,275.04
2024-12-31,8495,194.42
2024-12-31,8499,675.68
2024-12-31,8501,231.24
2024-12-31,8502,570.07
2024-12-31,8503,163.71
2024-12-31,8504,437.68
2024-12-31,8507,271.2
2024-12-31,8509,516.33
2024-12-31,8512,243.18
2024-12-31,8514,479.3
2024-12-31,8516,179
2024-12-31,8517,337.95
2024-12-31,8521,149.93
2024-12-31,8526,383.36
2024-12-31,8527,318.94
2024-12-31,8528,278.75
2024-12-31,8530,346.32
2024-12-31,8531,444.84
2024-12-31,8532,399.66
2024-12-31,8533,272.75
2024-12-31,8534,269.85
2024-12-31,8535,286.45
2024-12-31,8536,664.78
2024-12-31,8537,283.31
2024-12-31,8538,217.15
2024-12-31,8539,315.52
2024-12-31,8540,459.05
2024-12-31,8541,361.24
2024-12-31,8545,206.17
2024-12-31,8547,426.7
2024-12-31,8548,289.84
2024-12-31,8549,222.67
2024-12-31,8551,320.87
2024-12-31,8554,165.19
2024-12-31,8555,336.3
2024-12-31,8557,158.63
2024-12-31,8564,330.01
2024-12-31,8565,635.12
2024-12-31,8568,470.65
2024-12-31,8570,398.95
2024-12-31,8572,238.22
2024-12-31,8573,432.08
2024-12-31,8574,265.74
2024-12-31,8582,177.29
2024-12-31,8583,133.45
2024-12-31,8585,384.36
2024-12-31,8586,615.31
2024-12-31,8587,445.55
2024-12-31,8592,411.08
2024-12-31,8597,247.78
2024-12-31,8598,495.82
2024-12-31,8599,356.98
2024-12-31,8601,110.7
2024-12-31,8602,337.76
2024-12-31,8604,140.78
2024-12-31,8605,519.27
2024-12-31,8606,220.3
2024-12-31,8610,507.14
2024-12-31,8611,204.11
2024-12-31,8613,619.84
2024-12-31,8614,148.76
2024-12-31,8615,227.65
2024-12-31,8616,459.58
2024-12-31,8617,388.24
2024-12-31,8619,251.59
2024-12-31,8621,239.08
2024-12-31,8626,118.85
2024-12-31,8627,303.01
2024-12-31,8628,705.51
2024-12-31,8630,278.47
2024-12-31,8631,265.43
2024-12-31,8632,448.6
2024-12-31,8634,122.7
2024-12-31,8635,208.94
2024-12-31,8637,240.56
2024-12-31,8640,715.56
2024-12-31,8645,459.68
2024-12-31,8647,165.68
2024-12-31,8648,483.65
2024-12-31,8649,319.9
2024-12-31,8651,463.54
2024-12-31,8653,230.68
2024-12-31,8654,275.23
2024-12-31,8655,177.14
2024-12-31,8656,470.72
2024-12-31,8657,181.3
2024-12-31,8659,238.89
2024-12-31,8660,536.36
2024-12-31,8662,381.64
2024-12-31,8663,394.66
2024-12-31,8668,324.87
2024-12-31,8670,197.67
2024-12-31,8671,193.8
2024-12-31,8676,238.93
2024-12-31,8677,218.51
2024-12-31,8678,403.95
2024-12-31,8679,498.04
2024-12-31,8680,118.3
2024-12-31,8681,692.44
2024-12-31,8682,424.26
2024-12-31,8685,931.03
2024-12-31,8686,187.73
2024-12-31,8687,341.59
2024-12-31,8688,273.21
2024-12-31,8689,249.42
2024-12-31,8690,103.28
2024-12-31,8691,240.53
2024-12-31,8692,235.09
2024-12-31,8695,316.31
2024-12-31,8697,377.98
2024-12-31,8699,857.43
2024-12-31,8700,268.81
2024-12-31,8701,496.26
2024-12-31,8704,464.47
2024-12-31,8706,237.63
2024-12-31,8707,198.02
2024-12-31,8709,121.48
2024-12-31,8711,286.6
2024-12-31,8712,257.94
2024-12-31,8715,528.58
2024-12-31,8719,239.3
2024-12-31,8722,540.69
2024-12-31,8723,348.76
2024-12-31,8727,204.16
2024-12-31,8732,250.72
2024-12-31,8733,258.83
2024-12-31,8734,340.16
2024-12-31,8737,390.8
2024-12-31,8738,713.38
2024-12-31,8739,97.93
2024-12-31,8741,363.16
2024-12-31,8742,382.04
2024-12-31,8747,386.39
2024-12-31,8748,303.73
2024-12-31,8749,347.43
2024-12-31,8751,100.9
2024-12-31,8752,258.55
2024-12-31,8753,225.16
2024-12-31,8754,252.54
2024-12-31,8756,176.86
2024-12-31,8757,132.71
2024-12-31,8759,279.54
2024-12-31,8761,337.72
2024-12-31,8762,331.28
2024-12-31,8763,493.98
2024-12-31,8764,540.71
2024-12-31,8768,295.45
2024-12-31,8769,112.28
2024-12-31,8773,571.91
2024-12-31,8778,399.03
2024-12-31,8781,339.01
2024-12-31,8783,349.83
2024-12-31,8784,117.95
2024-12-31,8788,376.37
2024-12-31,8789,413.11
2024-12-31,8791,672.46
2024-12-31,8793,511.4
2024-12-31,8797,720.67
2024-12-31,8799,193.12
2024-12-31,8800,550.2
2024-12-31,8802,210.89
2024-12-31,8807,384.48
2024-12-31,8808,277.02
2024-12-31,8809,439.51
2024-12-31,8812,199.33
2024-12-31,8813,603.21
2024-12-31,8814,345.31
2024-12-31,8815,327.67
2024-12-31,8816,193.82
2024-12-31,8819,234.55
2024-12-31,8821,410.82
2024-12-31,8822,257.1
2024-12-31,8825,338.2
2024-12-31,8828,243.55
2024-12-31,8833,323.91
2024-12-31,8838,806.13
2024-12-31,8841,407.32
2024-12-31,8842,215.61
2024-12-31,8843,769.06
2024-12-31,8844,228.11
2024-12-31,8849,581.87
2024-12-31,8851,233.33
2024-12-31,8857,482.25
2024-12-31,8858,231.77
2024-12-31,8860,369.5
2024-12-31,8861,321.8
2024-12-31,8862,300.2
2024-12-31,8864,299.54
2024-12-31,8866,288.63
2024-12-31,8867,376.47
2024-12-31,8868,242.2
2024-12-31,8869,298.19
2024-12-31,8872,367.85
2024-12-31,8876,291.22
2024-12-31,8877,248.77
2024-12-31,8878,382.91
2024-12-31,8882,245.6
2024-12-31,8884,441.52
2024-12-31,8885,559.67
2024-12-31,8886,234.36
2024-12-31,8889,547.64
2024-12-31,8891,767.31
2024-12-31,8892,486.99
2024-12-31,8894,170.86
2024-12-31,8895,817.67
2024-12-31,8896,915.88
2024-12-31,8898,555.73
2024-12-31,8899,243.59
2024-12-31,8901,377.47
2024-12-31,8902,136.64
2024-12-31,8904,273.19
2024-12-31,8906,185.19
2024-12-31,8909,527.12
2024-12-31,8911,122.3
2024-12-31,8912,367.79
2024-12-31,8914,349.13
2024-12-31,8915,244.21
2024-12-31,8916,358.61
2024-12-31,8918,373.92
2024-12-31,8919,120.26
2024-12-31,8921,761.85
2024-12-31,8922,539.36
2024-12-31,8923,409.65
2024-12-31,8924,292.16
2024-12-31,8925,226.63
2024-12-31,8926,164.83
2024-12-31,8927,524.06
2024-12-31,8928,227.9
2024-12-31,8930,190.98
2024-12-31,8931,822.46
2024-12-31,8938,461.75
2024-12-31,8940,365.04
2024-12-31,8941,219.47
2024-12-31,8942,195.55
2024-12-31,8945,204.08
2024-12-31,8946,180.05
2024-12-31,8948,496.47
2024-12-31,8951,390.52
2024-12-31,8954,257.22
2024-12-31,8965,176.11
2024-12-31,8967,307.37
2024-12-31,8969,590.19
2024-12-31,8970,145.44
2024-12-31,8972,168.18
2024-12-31,8973,271.25
2024-12-31,8974,714.04
2024-12-31,8975,410.71
2024-12-31,8977,491.16
2024-12-31,8978,212.08
2024-12-31,8979,334.12
2024-12-31,8981,341.99
2024-12-31,8985,340.85
2024-12-31,8988,547.92
2024-12-31,8989,373.71
2024-12-31,8990,281.01
2024-12-31,8991,335.8
2024-12-31,8993,504.72
2024-12-31,8994,254.18
2024-12-31,8995,624.74
2024-12-31,8996,815.4
2024-12-31,9005,227.23
2024-12-31,9006,135.83
2024-12-31,9007,240.75
2024-12-31,9016,677.41
2024-12-31,9017,238.54
2024-12-31,9018,352.52
2024-12-31,9019,399.42
2024-12-31,9020,334.84
2024-12-31,9023,185.24
2024-12-31,9026,368.01
2024-12-31,9027,312.98
2024-12-31,9029,185.69
2024-12-31,9031,408.68
2024-12-31,9032,215.02
2024-12-31,9033,218.12
2024-12-31,9035,341.52
2024-12-31,9036,428.57
2024-12-31,9038,375.21
2024-12-31,9039,332.92
2024-12-31,9040,521.52
2024-12-31,9041,242.92
2024-12-31,9043,685.02
2024-12-31,9048,392.24
2024-12-31,9049,427.23
2024-12-31,9050,210.32
2024-12-31,9051,140.68
2024-12-31,9054,256.55
2024-12-31,9057,416.27
2024-12-31,9058,403.77
2024-12-31,9063,169.42
2024-12-31,9064,157.74
2024-12-31,9065,512.4
2024-12-31,9066,194.1
2024-12-31,9067,385.42
2024-12-31,9068,185.96
2024-12-31,9069,138.35
2024-12-31,9071,169.42
2024-12-31,9074,489.26
2024-12-31,9075,304.48
2024-12-31,9077,362.57
2024-12-31,9078,1180.46
2024-12-31,9083,424.27
2024-12-31,9084,100.53
2024-12-31,9087,419.91
2024-12-31,9091,1371.01
2024-12-31,9092,242.79
2024-12-31,9093,292.99
2024-12-31,9095,318.17
2024-12-31,9096,311.25
2024-12-31,9097,268.3
2024-12-31,9100,359.99
2024-12-31,9104,501.46
2024-12-31,9106,144.88
2024-12-31,9108,324.81
2024-12-31,9110,230.54
2024-12-31,9114,730.16
2024-12-31,9115,546.89
2024-12-31,9116,468.59
2024-12-31,9119,729.08
2024-12-31,9120,318.05
2024-12-31,9121,301.53
2024-12-31,9122,227.8
2024-12-31,9123,182.61
2024-12-31,9126,150.93
2024-12-31,9127,549.67
2024-12-31,9128,620.9
2024-12-31,9131,284.52
2024-12-31,9134,259.67
2024-12-31,9137,189.38
2024-12-31,9139,247.72
2024-12-31,9144,255.54
2024-12-31,9149,316.92
2024-12-31,9151,194.34
2024-12-31,9153,300
2024-12-31,9156,903.53
2024-12-31,9160,368.47
2024-12-31,9166,623.48
2024-12-31,9169,441.01
2024-12-31,9170,532.71
2024-12-31,9171,334.61
2024-12-31,9173,530.5
2024-12-31,9175,180.69
2024-12-31,9176,208.86
2024-12-31,9177,274.68
2024-12-31,9179,206.37
2024-12-31,9184,278.88
2024-12-31,9187,422.84
2024-12-31,9190,502.49
2024-12-31,9191,286.03
2024-12-31,9193,295.75
2024-12-31,9194,190.42
2024-12-31,9198,256.85
2024-12-31,9199,360.97
2024-12-31,9201,344.68
2024-12-31,9202,366.72
2024-12-31,9205,235.3
2024-12-31,9208,241.21
2024-12-31,9210,273.51
2024-12-31,9211,437.94
2024-12-31,9214,228.17
2024-12-31,9215,246.66
2024-12-31,9219,603.56
2024-12-31,9222,407.25
2024-12-31,9227,571.58
2024-12-31,9229,184.41
2024-12-31,9230,177.01
2024-12-31,9233,330.59
2024-12-31,9234,348.26
2024-12-31,9236,263.5
2024-12-31,9239,247.29
2024-12-31,9240,681.8
2024-12-31,9245,146.78
2024-12-31,9247,312.04
2024-12-31,9250,470.82
2024-12-31,9252,239.77
2024-12-31,9257,406.77
2024-12-31,9259,355.03
2024-12-31,9261,640
2024-12-31,9262,224.04
2024-12-31,9264,411.57
2024-12-31,9269,181.64
2024-12-31,9271,321.53
2024-12-31,9272,604.2
2024-12-31,9273,199.08
2024-12-31,9279,543.56
2024-12-31,9281,277.04
2024-12-31,9283,371.52
2024-12-31,9286,370.1
2024-12-31,9288,517.31
2024-12-31,9289,108.36
2024-12-31,9291,330.39
2024-12-31,9292,406.42
2024-12-31,9293,304.74
2024-12-31,9294,170.75
2024-12-31,9295,507.76
2024-12-31,9297,568.34
2024-12-31,9298,1086.98
2024-12-31,9302,136.05
2024-12-31,9303,399.51
2024-12-31,9304,869.26
2024-12-31,9305,415.77
2024-12-31,9307,175.29
2024-12-31,9308,303.13
2024-12-31,9310,152.6
2024-12-31,9311,113
2024-12-31,9312,489.41
2024-12-31,9313,296.64
2024-12-31,9314,190.48
2024-12-31,9317,484
2024-12-31,9320,375.87
2024-12-31,9324,299.83
2024-12-31,9326,234.85
2024-12-31,9328,142.8
2024-12-31,9330,199.75
2024-12-31,9331,89.89
2024-12-31,9332,198.43
2024-12-31,9333,482.82
2024-12-31,9335,222.17
2024-12-31,9339,210.56
2024-12-31,9341,550.32
2024-12-31,9342,252.6
2024-12-31,9345,261.46
2024-12-31,9348,231.56
2024-12-31,9350,194.78
2024-12-31,9351,443.31
2024-12-31,9352,662.29
2024-12-31,9355,385.81
2024-12-31,9356,439.74
2024-12-31,9360,115.65
2024-12-31,9362,393.9
2024-12-31,9364,378.72
2024-12-31,9366,232.58
2024-12-31,9369,241.56
2024-12-31,9370,99.4
2024-12-31,9372,149.15
2024-12-31,9374,590.3
2024-12-31,9376,330.37
2024-12-31,9377,246.8
2024-12-31,9378,440.21
2024-12-31,9383,250.02
2024-12-31,9386,276.84
2024-12-31,9389,299.75
2024-12-31,9392,560.32
2024-12-31,9395,310.6
2024-12-31,9396,274.67
2024-12-31,9398,166.86
2024-12-31,9399,694.25
2024-12-31,9401,281.25
2024-12-31,9402,366.53
2024-12-31,9403,409.42
2024-12-31,9404,172.84
2024-12-31,9406,295.28
2024-12-31,9407,204.18
2024-12-31,9410,512.82
2024-12-31,9414,283.15
2024-12-31,9417,325.81
2024-12-31,9418,131.79
2024-12-31,9419,518.95
2024-12-31,9421,397.66
2024-12-31,9422,260.76
2024-12-31,9423,114.85
2024-12-31,9427,386.63
2024-12-31,9429,769.08
2024-12-31,9430,814.38
2024-12-31,9435,281.37
2024-12-31,9437,297.87
2024-12-31,9438,287.23
2024-12-31,9441,127.85
2024-12-31,9442,655.93
2024-12-31,9444,597.01
2024-12-31,9446,280.37
2024-12-31,9447,422.7
2024-12-31,9448,268.27
2024-12-31,9449,232.23
2024-12-31,9451,166.39
2024-12-31,9456,226.04
2024-12-31,9458,351.8
2024-12-31,9459,413.71
2024-12-31,9462,690.23
2024-12-31,9463,178.11
2024-12-31,9464,170.34
2024-12-31,9467,469.15
2024-12-31,9470,316.56
2024-12-31,9471,185.86
2024-12-31,9475,317.93
2024-12-31,9476,184.55
2024-12-31,9477,483.53
2024-12-31,9487,519.38
2024-12-31,9489,247.03
2024-12-31,9491,260.37
2024-12-31,9493,469.1
2024-12-31,9496,331.73
2024-12-31,9498,339.94
2024-12-31,9500,1329.13
2024-12-31,9502,332.98
2024-12-31,9503,137.82
2024-12-31,9504,306.02
2024-12-31,9506,196.44
2024-12-31,9507,1055.28
2024-12-31,9508,215.7
2024-12-31,9511,290.46
2024-12-31,9518,645.65
2024-12-31,9519,418
2024-12-31,9522,434.87
2024-12-31,9523,761.4
2024-12-31,9524,215.56
2024-12-31,9529,575.76
2024-12-31,9531,250.48
2024-12-31,9533,126.88
2024-12-31,9535,256.97
2024-12-31,9536,280.3
2024-12-31,9540,600.4
2024-12-31,9541,194.3
2024-12-31,9542,294.26
2024-12-31,9543,385.62
2024-12-31,9545,337.85
2024-12-31,9547,359.67
2024-12-31,9548,526.01
2024-12-31,9549,243.57
2024-12-31,9552,335.05
2024-12-31,9553,159.16
2024-12-31,9554,221.25
2024-12-31,9556,150.98
2024-12-31,9557,379.9
2024-12-31,9559,372.51
2024-12-31,9560,533.98
2024-12-31,9564,208.26
2024-12-31,9566,754.06
2024-12-31,9569,315.77
2024-12-31,9572,372.69
2024-12-31,9573,170.82
2024-12-31,9574,292.63
2024-12-31,9575,584.23
2024-12-31,9577,222.14
2024-12-31,9578,253.78
2024-12-31,9579,99.01
2024-12-31,9580,363.21
2024-12-31,9584,393.78
2024-12-31,9585,257.73
2024-12-31,9588,515.11
2024-12-31,9589,394.49
2024-12-31,9595,216.3
2024-12-31,9597,543.95
2024-12-31,9598,668.4
2024-12-31,9601,177.75
2024-12-31,9602,202.24
2024-12-31,9603,194
2024-12-31,9606,195.01
2024-12-31,9607,286.71
2024-12-31,9608,333.22
2024-12-31,9609,363.62
2024-12-31,9610,200.24
2024-12-31,9611,381.87
2024-12-31,9612,316.49
2024-12-31,9613,577.99
2024-12-31,9615,795.1
2024-12-31,9616,1200.77
2024-12-31,9617,156.19
2024-12-31,9621,281.76
2024-12-31,9623,644.34
2024-12-31,9624,321.62
2024-12-31,9628,569.88
2024-12-31,9633,143.19
2024-12-31,9635,537.32
2024-12-31,9636,128.36
2024-12-31,9637,197.48
2024-12-31,9638,258.32
2024-12-31,9641,163.48
2024-12-31,9643,233.26
2024-12-31,9645,687.29
2024-12-31,9646,190.42
2024-12-31,9649,583.96
2024-12-31,9651,279.92
2024-12-31,9652,462.2
2024-12-31,9654,317.81
2024-12-31,9655,162.49
2024-12-31,9656,309.81
2024-12-31,9658,1068.11
2024-12-31,9659,956.07
2024-12-31,9660,221.04
2024-12-31,9662,483.02
2024-12-31,9663,715.93
2024-12-31,9664,120.04
2024-12-31,9670,416.28
2024-12-31,9671,326.34
2024-12-31,9679,220.78
2024-12-31,9680,269.71
2024-12-31,9681,166.66
2024-12-31,9683,434.94
2024-12-31,9684,308.63
2024-12-31,9687,759.58
2024-12-31,9688,283.21
2024-12-31,9689,375.72
2024-12-31,9690,130.74
2024-12-31,9693,262.05
2024-12-31,9699,266.87
2024-12-31,9703,296.69
2024-12-31,9704,506.65
2024-12-31,9707,768.4
2024-12-31,9708,84.77
2024-12-31,9709,123.17
2024-12-31,9711,235.8
2024-12-31,9714,253.68
2024-12-31,9715,249.89
2024-12-31,9716,529.14
2024-12-31,9719,218.28
2024-12-31,9720,458.01
2024-12-31,9721,316.43
2024-12-31,9724,455.84
2024-12-31,9726,752.65
2024-12-31,9728,524.02
2024-12-31,9730,309.42
2024-12-31,9731,217.74
2024-12-31,9733,550.45
2024-12-31,9738,340.4
2024-12-31,9741,240.76
2024-12-31,9743,445.63
2024-12-31,9746,347.91
2024-12-31,9747,333.23
2024-12-31,9748,608.73
2024-12-31,9749,264.7
2024-12-31,9750,308.43
2024-12-31,9752,340.35
2024-12-31,9753,298.74
2024-12-31,9754,285.49
2024-12-31,9756,395.8
2024-12-31,9759,340.06
2024-12-31,9760,349.61
2024-12-31,9762,337.01
2024-12-31,9767,200.25
2024-12-31,9768,193.08
2024-12-31,9769,343.93
2024-12-31,9773,239.38
2024-12-31,9774,284.04
2024-12-31,9779,163.93
2024-12-31,9780,186.64
2024-12-31,9781,285.72
2024-12-31,9782,309.95
2024-12-31,9783,282.59
2024-12-31,9785,384.9
2024-12-31,9788,540.54
2024-12-31,9789,340.35
2024-12-31,9790,232.95
2024-12-31,9791,348.75
2024-12-31,9792,317.78
2024-12-31,9793,416.26
2024-12-31,9798,349.33
2024-12-31,9799,486.14
2024-12-31,9800,205.71
2024-12-31,9801,585.78
2024-12-31,9802,488.55
2024-12-31,9804,121.89
2024-12-31,9806,549.33
2024-12-31,9810,180.91
2024-12-31,9811,258.14
2024-12-31,9812,137.88
2024-12-31,9813,228.85
2024-12-31,9814,188.9
2024-12-31,9815,343.49
2024-12-31,9816,567.64
2024-12-31,9817,263.91
2024-12-31,9818,359.59
2024-12-31,9819,381.23
2024-12-31,9820,499.99
2024-12-31,9821,296.36
2024-12-31,9824,726.66
2024-12-31,9825,204.61
2024-12-31,9826,388.33
2024-12-31,9827,446.34
2024-12-31,9828,457.34
2024-12-31,9829,395.13
2024-12-31,9830,490.39
2024-12-31,9834,431.31
2024-12-31,9835,236.77
2024-12-31,9840,425.94
2024-12-31,9842,564.09
2024-12-31,9843,271.6
2024-12-31,9844,439.46
2024-12-31,9847,335.96
2024-12-31,9849,543.26
2024-12-31,9850,317.78
2024-12-31,9851,300.93
2024-12-31,9852,310.87
2024-12-31,9856,483.81
2024-12-31,9859,503.85
2024-12-31,9866,310.75
2024-12-31,9867,322.92
2024-12-31,9869,238.3
2024-12-31,9870,509.24
2024-12-31,9875,215.33
2024-12-31,9878,545.04
2024-12-31,9880,250.65
2024-12-31,9881,434.98
2024-12-31,9882,323.85
2024-12-31,9883,221.33
2024-12-31,9884,309.79
2024-12-31,9886,194.3
2024-12-31,9887,260.3
2024-12-31,9890,302.08
2024-12-31,9891,446.36
2024-12-31,9892,393.87
2024-12-31,9894,421.03
2024-12-31,9895,275.01
2024-12-31,9898,352.41
2024-12-31,9900,276.68
2024-12-31,9901,219.85
2024-12-31,9902,592.34
2024-12-31,9903,294.71
2024-12-31,9904,194.46
2024-12-31,9913,392.16
2024-12-31,9914,339.04
2024-12-31,9915,398.66
2024-12-31,9916,433.35
2024-12-31,9918,450.35
2024-12-31,9920,676.31
2024-12-31,9921,391.13
2024-12-31,9922,262.63
2024-12-31,9923,468.99
2024-12-31,9925,477.21
2024-12-31,9926,136.54
2024-12-31,9927,137.58
2024-12-31,9930,375.1
2024-12-31,9932,392.27
2024-12-31,9933,185.41
2024-12-31,9938,226.54
2024-12-31,9941,584.6
2024-12-31,9943,541.43
2024-12-31,9944,494.63
2024-12-31,9947,263.4
2024-12-31,9949,402.93
2024-12-31,9951,157
2024-12-31,9953,582.11
2024-12-31,9954,468.96
2024-12-31,9955,388.28
2024-12-31,9956,450.31
2024-12-31,9960,314.08
2024-12-31,9961,349.18
2024-12-31,9963,301.8
2024-12-31,9965,342.56
2024-12-31,9966,171.26
2024-12-31,9967,511.03
2024-12-31,9971,329.55
2024-12-31,9972,640.66
2024-12-31,9973,619.5
2024-12-31,9977,230.43
2024-12-31,9978,458.3
2024-12-31,9979,245.51
2024-12-31,9980,453.42
2024-12-31,9981,370.55
2024-12-31,9983,205.65
2024-12-31,9984,299.96
2024-12-31,9987,290.54
2024-12-31,9990,222.45
2024-12-31,9993,566.65
2024-12-31,9994,783.17
2024-12-31,9995,261.02
2024-12-31,9996,271.32
2024-12-31,9997,227.16
2024-12-31,9998,455.01
2024-12-31,9999,234.4
2024-12-31,10000,381.36
2024-12-31,10002,537.73
2024-12-31,10004,304.77
2024-12-31,10005,364.94
2024-12-31,10008,359.67
2024-12-31,10009,365.65
2024-12-31,10010,445.89
2024-12-31,10012,500.71
2024-12-31,10014,581.85
2024-12-31,10016,233.23
2024-12-31,10019,363.4
2024-12-31,10021,192.74
2024-12-31,10022,161.18
2024-12-31,10025,331.25
2024-12-31,10030,243.5
2024-12-31,10033,257.89
2024-12-31,10034,173.09
2024-12-31,10035,421.57
2024-12-31,10036,229.21
2024-12-31,10037,290.24
2024-12-31,10038,216.9
2024-12-31,10048,264.86
2024-12-31,10049,178.63
2024-12-31,10050,449.79
2024-12-31,10051,503.91
2024-12-31,10053,242.54
2024-12-31,10054,258.39
2024-12-31,10055,479.28
2024-12-31,10056,169.21
2024-12-31,10058,598.55
2024-12-31,10060,239.18
2024-12-31,10062,374.31
2024-12-31,10067,246.58
2024-12-31,10068,380.56
2024-12-31,10070,233.06
2024-12-31,10072,266.36
2024-12-31,10074,258.05
2024-12-31,10076,877.23
2024-12-31,10078,819.71
2024-12-31,10081,232.58
2024-12-31,10087,564.24
2024-12-31,10088,344.18
2024-12-31,10101,257.81
2024-12-31,10102,742.9
2024-12-31,10103,306.68
2024-12-31,10104,563.83
2024-12-31,10105,731.18
2024-12-31,10106,326.42
2024-12-31,10107,381.71
2024-12-31,10110,389.47
2024-12-31,10115,346.08
2024-12-31,10117,217.97
2024-12-31,10118,195.66
2024-12-31,10119,169.47
2024-12-31,10120,172.32
2024-12-31,10123,268.08
2024-12-31,10124,293.18
2024-12-31,10126,220.06
2024-12-31,10128,677.51
2024-12-31,10129,449.98
2024-12-31,10133,366.25
2024-12-31,10134,202.41
2024-12-31,10137,249.9
2024-12-31,10138,496.47
2024-12-31,10144,418.55
2024-12-31,10146,564.76
2024-12-31,10147,269.78
2024-12-31,10150,369.13
2024-12-31,10152,832.56
2024-12-31,10153,576.29
2024-12-31,10155,239.46
2024-12-31,10159,272.69
2024-12-31,10160,156.55
2024-12-31,10162,260.01
2024-12-31,10163,648.66
2024-12-31,10167,409.4
2024-12-31,10169,256.25
2024-12-31,10170,356.94
2024-12-31,10171,415.15
2024-12-31,10175,330.09
2024-12-31,10176,259.02
2024-12-31,10177,318.67
2024-12-31,10182,313.03
2024-12-31,10183,235.07
2024-12-31,10187,337.94
2024-12-31,10189,318.85
2024-12-31,10191,237.56
2024-12-31,10192,487.87
2024-12-31,10193,132.52
2024-12-31,10196,284.21
2024-12-31,10200,345.43
2024-12-31,10201,227.68
2024-12-31,10203,372.81
2024-12-31,10204,245.67
2024-12-31,10205,157.35
2024-12-31,10208,447.98
2024-12-31,10210,254.09
2024-12-31,10211,506.32
2024-12-31,10214,207.26
2024-12-31,10216,263.14
2024-12-31,10217,276.81
2024-12-31,10220,396.89
2024-12-31,10222,203.68
2024-12-31,10223,341.44
2024-12-31,10225,215.6
2024-12-31,10230,144.69
2024-12-31,10234,493.33
2024-12-31,10235,180.83
2024-12-31,10236,178.34
2024-12-31,10238,151.66
2024-12-31,10240,89.88
2024-12-31,10241,564.76
2024-12-31,10242,114.28
2024-12-31,10244,377.15
2024-12-31,10246,453.88
2024-12-31,10248,543.5
2024-12-31,10250,473.5
2024-12-31,10252,226.82
2024-12-31,10253,295.83
2024-12-31,10254,305.33
2024-12-31,10255,243.12
2024-12-31,10256,157.94
2024-12-31,10257,489.23
2024-12-31,10260,576.67
2024-12-31,10261,189.94
2024-12-31,10262,417.98
2024-12-31,10264,389.46
2024-12-31,10265,176.47
2024-12-31,10267,197.04
2024-12-31,10268,331.23
2024-12-31,10271,775.13
2024-12-31,10275,314.44
2024-12-31,10276,310.41
2024-12-31,10279,717.05
2024-12-31,10280,543.79
2024-12-31,10282,240.79
2024-12-31,10283,400.63
2024-12-31,10285,232.45
2024-12-31,10287,333.99
2024-12-31,10290,414.29
2024-12-31,10291,277.61
2024-12-31,10292,283.81
2024-12-31,10293,189.24
2024-12-31,10294,401.74
2024-12-31,10295,520.36
2024-12-31,10296,458.03
2024-12-31,10298,579.43
2024-12-31,10300,270.91
2024-12-31,10302,254.27
2024-12-31,10304,214.23
2024-12-31,10305,492.63
2024-12-31,10306,367.73
2024-12-31,10307,449.17
2024-12-31,10308,537.05
2024-12-31,10310,167.56
2024-12-31,10312,233.03
2024-12-31,10314,353.93
2024-12-31,10316,527.8
2024-12-31,10317,224.47
2024-12-31,10318,570.26
2024-12-31,10319,238.5
2024-12-31,10320,948.03
2024-12-31,10321,440.21
2024-12-31,10322,254.34
2024-12-31,10324,240.16
2024-12-31,10327,218.94
2024-12-31,10328,104.19
2024-12-31,10330,369.52
2024-12-31,10332,314.56
2024-12-31,10333,300.28
2024-12-31,10340,624.33
2024-12-31,10341,246.13
2024-12-31,10344,299.89
2024-12-31,10345,223.5
2024-12-31,10346,201.14
2024-12-31,10348,254.15
2024-12-31,10350,401.66
2024-12-31,10356,130.76
2024-12-31,10357,351.04
2024-12-31,10359,506.56
2024-12-31,10363,427.93
2024-12-31,10365,252.84
2024-12-31,10366,407.98
2024-12-31,10367,308.88
2024-12-31,10368,174.3
2024-12-31,10370,472.84
2024-12-31,10372,691.06
2024-12-31,10373,196.42
2024-12-31,10374,736.06
2024-12-31,10377,327.84
2024-12-31,10378,543.69
2024-12-31,10383,76.06
2024-12-31,10384,347.57
2024-12-31,10386,444.14
2024-12-31,10388,167.5
2024-12-31,10389,274.55
2024-12-31,10392,540.37
2024-12-31,10393,434.8
2024-12-31,10394,504.4
2024-12-31,10396,341.4
2024-12-31,10397,183.37
2024-12-31,10398,267.9
2024-12-31,10399,386.21
2024-12-31,10401,272.8
2024-12-31,10402,419.54
2024-12-31,10405,356.51
2024-12-31,10406,881.53
2024-12-31,10407,227.23
2024-12-31,10408,557.39
2024-12-31,10409,232.75
2024-12-31,10410,705.61
2024-12-31,10413,213.76
2024-12-31,10414,301.67
2024-12-31,10418,108.37
2024-12-31,10421,300.73
2024-12-31,10423,173.51
2024-12-31,10424,100.68
2024-12-31,10427,424.73
2024-12-31,10428,567.01
2024-12-31,10435,287.92
2024-12-31,10437,338.4
2024-12-31,10438,442.28
2024-12-31,10440,176.95
2024-12-31,10442,346.42
2024-12-31,10443,214.48
2024-12-31,10445,181.59
2024-12-31,10446,593.77
2024-12-31,10447,621.45
2024-12-31,10451,191.19
2024-12-31,10455,306.23
2024-12-31,10456,668.97
2024-12-31,10459,423.49
2024-12-31,10460,261.28
2024-12-31,10461,302.88
2024-12-31,10463,414.46
2024-12-31,10467,321.5
2024-12-31,10469,559.83
2024-12-31,10470,320.92
2024-12-31,10471,326.72
2024-12-31,10472,384.65
2024-12-31,10474,227.98
2024-12-31,10478,204.83
2024-12-31,10479,375.15
2024-12-31,10482,558.44
2024-12-31,10483,161.04
2024-12-31,10484,202.04
2024-12-31,10486,280.31
2024-12-31,10488,230.93
2024-12-31,10489,313.17
2024-12-31,10490,333.03
2024-12-31,10493,368.56
2024-12-31,10494,923.2
2024-12-31,10496,441.38
2024-12-31,10501,239.09
2024-12-31,10502,251.96
2024-12-31,10505,341.18
2024-12-31,10508,226.58
2024-12-31,10511,318.46
2024-12-31,10513,788.53
2024-12-31,10514,779.67
2024-12-31,10516,278.55
2024-12-31,10518,331.4
2024-12-31,10519,280.59
2024-12-31,10520,206.74
2024-12-31,10521,444.52
2024-12-31,10522,111.74
2024-12-31,10523,223.04
2024-12-31,10526,204.25
2024-12-31,10527,353.12
2024-12-31,10528,233.57
2024-12-31,10529,406.99
2024-12-31,10530,245.08
2024-12-31,10531,357.86
2024-12-31,10535,223.46
2024-12-31,10537,311.05
2024-12-31,10538,244.56
2024-12-31,10540,259.12
2024-12-31,10541,791.68
2024-12-31,10542,266.65
2024-12-31,10544,354.52
2024-12-31,10549,302.97
2024-12-31,10550,242.83
2024-12-31,10551,249.76
2024-12-31,10552,177.11
2024-12-31,10555,515.65
2024-12-31,10556,459.39
2024-12-31,10558,737.45
2024-12-31,10561,246.05
2024-12-31,10562,193.44
2024-12-31,10572,239.87
2024-12-31,10573,410.05
2024-12-31,10574,111.28
2024-12-31,10575,253.55
2024-12-31,10578,397.76
2024-12-31,10581,411.92
2024-12-31,10584,143.7
2024-12-31,10585,281.84
2024-12-31,10588,490.85
2024-12-31,10589,175.62
2024-12-31,10590,359.89
2024-12-31,10592,219.07
2024-12-31,10595,276.05
2024-12-31,10596,277.35
2024-12-31,10597,294.76
2024-12-31,10601,297.58
2024-12-31,10602,271.27
2024-12-31,10603,291.08
2024-12-31,10604,368.2
2024-12-31,10606,254.85
2024-12-31,10607,305.56
2024-12-31,10609,336.35
2024-12-31,10611,351.81
2024-12-31,10613,707.06
2024-12-31,10614,196.61
2024-12-31,10615,424.96
2024-12-31,10616,123.21
2024-12-31,10618,647.85
2024-12-31,10619,269.02
2024-12-31,10621,524.03
2024-12-31,10622,172.91
2024-12-31,10623,356.18
2024-12-31,10624,153.3
2024-12-31,10626,229.17
2024-12-31,10627,187.59
2024-12-31,10628,358.59
2024-12-31,10631,135.58
2024-12-31,10632,144.37
2024-12-31,10635,310.08
2024-12-31,10636,371.67
2024-12-31,10638,173.8
2024-12-31,10640,315.63
2024-12-31,10641,286.97
2024-12-31,10642,521.62
2024-12-31,10643,389.53
2024-12-31,10644,225.77
2024-12-31,10646,265.29
2024-12-31,10648,375.19
2024-12-31,10652,232.17
2024-12-31,10653,212.03
2024-12-31,10654,248.86
2024-12-31,10655,1207.72
2024-12-31,10658,272.8
2024-12-31,10661,457.12
2024-12-31,10662,292
2024-12-31,10663,552.01
2024-12-31,10664,255.6
2024-12-31,10666,391.48
2024-12-31,10672,247.79
2024-12-31,10674,320.49
2024-12-31,10675,297.05
2024-12-31,10678,230.61
2024-12-31,10680,253.24
2024-12-31,10682,199.22
2024-12-31,10684,162.01
2024-12-31,10685,501.05
2024-12-31,10686,187.11
2024-12-31,10689,134.34
2024-12-31,10690,451.4
2024-12-31,10692,406.7
2024-12-31,10693,180.94
2024-12-31,10694,566.13
2024-12-31,10695,321.74
2024-12-31,10697,294.62
2024-12-31,10698,239.3
2024-12-31,10700,193.45
2024-12-31,10701,238.31
2024-12-31,10703,366.58
2024-12-31,10704,436.81
2024-12-31,10708,215.18
2024-12-31,10710,442.05
2024-12-31,10712,931.56
2024-12-31,10713,239.17
2024-12-31,10716,166.89
2024-12-31,10720,623.16
2024-12-31,10721,88.51
2024-12-31,10723,332.43
2024-12-31,10724,373.67
2024-12-31,10725,195.91
2024-12-31,10726,257.42
2024-12-31,10728,169.05
2024-12-31,10729,208.71
2024-12-31,10730,407.36
2024-12-31,10731,241.48
2024-12-31,10733,297.18
2024-12-31,10736,146.3
2024-12-31,10737,247.97
2024-12-31,10738,1074.18
2024-12-31,10740,300.7
2024-12-31,10742,80.25
2024-12-31,10751,234.87
2024-12-31,10754,211.59
2024-12-31,10756,448.72
2024-12-31,10758,464.64
2024-12-31,10761,560.76
2024-12-31,10764,177.1
2024-12-31,10771,595.14
2024-12-31,10772,219.94
2024-12-31,10773,431.55
2024-12-31,10774,359.17
2024-12-31,10776,227.6
2024-12-31,10778,240.03
2024-12-31,10779,311.95
2024-12-31,10784,212.69
2024-12-31,10785,292.39
2024-12-31,10787,240.69
2024-12-31,10788,326.93
2024-12-31,10790,258.1
2024-12-31,10792,476.6
2024-12-31,10794,390.22
2024-12-31,10795,314.74
2024-12-31,10797,150.03
2024-12-31,10798,198.35
2024-12-31,10801,212.55
2024-12-31,10802,184.86
2024-12-31,10805,487.69
2024-12-31,10806,357
2024-12-31,10807,384.42
2024-12-31,10808,175.9
2024-12-31,10809,301.71
2024-12-31,10811,183.55
2024-12-31,10812,209.78
2024-12-31,10813,322.01
2024-12-31,10816,268.42
2024-12-31,10817,464.98
2024-12-31,10819,438.64
2024-12-31,10823,159.98
2024-12-31,10824,364.28
2024-12-31,10828,300.56
2024-12-31,10830,205.01
2024-12-31,10832,584.61
2024-12-31,10834,375.87
2024-12-31,10840,277.2
2024-12-31,10841,433.41
2024-12-31,10842,219.55
2024-12-31,10844,130.6
2024-12-31,10845,468.45
2024-12-31,10846,352.1
2024-12-31,10847,242.16
2024-12-31,10848,462.86
2024-12-31,10850,708.94
2024-12-31,10852,179.03
2024-12-31,10857,217.55
2024-12-31,10858,217.31
2024-12-31,10859,404.63
2024-12-31,10861,375.45
2024-12-31,10862,152.18
2024-12-31,10865,439.45
2024-12-31,10866,96.25
2024-12-31,10867,355.41
2024-12-31,10869,578.5
2024-12-31,10873,243.5
2024-12-31,10874,371.91
2024-12-31,10876,559.03
2024-12-31,10877,222.18
2024-12-31,10878,389.79
2024-12-31,10881,218.93
2024-12-31,10882,440.45
2024-12-31,10884,197.78
2024-12-31,10885,275.62
2024-12-31,10886,533.47
2024-12-31,10887,264.58
2024-12-31,10888,380.68
2024-12-31,10889,214.43
2024-12-31,10890,364.57
2024-12-31,10892,200.21
2024-12-31,10893,261.14
2024-12-31,10895,256.31
2024-12-31,10896,581.7
2024-12-31,10899,549.82
2024-12-31,10900,548.71
2024-12-31,10901,495.09
2024-12-31,10903,177.68
2024-12-31,10907,261.92
2024-12-31,10908,377.1
2024-12-31,10909,155.18
2024-12-31,10911,229.73
2024-12-31,10914,164.79
2024-12-31,10916,207.21
2024-12-31,10919,430.14
2024-12-31,10920,412.56
2024-12-31,10921,510.46
2024-12-31,10923,366.53
2024-12-31,10924,227.4
2024-12-31,10925,309.71
2024-12-31,10928,140.24
2024-12-31,10929,209.95
2024-12-31,10932,194.78
2024-12-31,10936,272.18
2024-12-31,10938,376.61
2024-12-31,10941,194.53
2024-12-31,10943,333.39
2024-12-31,10945,411.9
2024-12-31,10946,237.3
2024-12-31,10947,179.21
2024-12-31,10948,387.64
2024-12-31,10949,661.53
2024-12-31,10950,174.1
2024-12-31,10951,511.7
2024-12-31,10952,509.86
2024-12-31,10954,239.22
2024-12-31,10956,282.47
2024-12-31,10957,293.02
2024-12-31,10958,350.85
2024-12-31,10964,318.17
2024-12-31,10965,315.49
2024-12-31,10966,303.8
2024-12-31,10967,363.78
2024-12-31,10968,833.59
2024-12-31,10969,326.9
2024-12-31,10975,322.03
2024-12-31,10976,500.13
2024-12-31,10977,395.59
2024-12-31,10979,366.35
2024-12-31,10981,442.54
2024-12-31,10983,293.92
2024-12-31,10986,507.12
2024-12-31,10989,350.81
2024-12-31,10992,264.25
2024-12-31,10993,198.62
2024-12-31,10994,402.55
2024-12-31,10995,362.08
2024-12-31,10996,678.11
2024-12-31,10998,396.48
2024-12-31,11003,1265.57
2024-12-31,11006,249.74
2024-12-31,11009,200.64
2024-12-31,11011,436.57
2024-12-31,11014,451.19
2024-12-31,11015,396.69
2024-12-31,11016,317.95
2024-12-31,11020,170.32
2024-12-31,11024,150.64
2024-12-31,11028,343.17
2024-12-31,11029,691.64
2024-12-31,11031,162.6
2024-12-31,11033,220.54
2024-12-31,11036,686.89
2024-12-31,11039,542.06
2024-12-31,11040,170.14
2024-12-31,11042,771.33
2024-12-31,11043,411.01
2024-12-31,11045,190.32
2024-12-31,11049,591.16
2024-12-31,11051,374.17
2024-12-31,11052,338.84
2024-12-31,11053,679.01
2024-12-31,11054,279.73
2024-12-31,11057,218
2024-12-31,11058,236.2
2024-12-31,11061,197.58
2024-12-31,11062,190.68
2024-12-31,11063,396.2
2024-12-31,11064,210.16
2024-12-31,11065,309.94
2024-12-31,11067,315.02
2024-12-31,11069,269.85
2024-12-31,11071,411.75
2024-12-31,11073,291.66
2024-12-31,11074,399.68
2024-12-31,11075,239.52
2024-12-31,11076,479.05
2024-12-31,11079,174.02
2024-12-31,11083,556.59
2024-12-31,11087,445.14
2024-12-31,11088,512.95
2024-12-31,11092,513.56
2024-12-31,11093,225.87
2024-12-31,11094,314.95
2024-12-31,11095,184.65
2024-12-31,11100,400.18
2024-12-31,11103,356.63
2024-12-31,11104,209.9
2024-12-31,11107,304.27
2024-12-31,11111,327.76
2024-12-31,11113,386.82
2024-12-31,11114,584.5
2024-12-31,11115,197.13
2024-12-31,11119,228.51
2024-12-31,11124,285.76
2024-12-31,11125,286.34
2024-12-31,11126,790.46
2024-12-31,11127,632.11
2024-12-31,11128,377.76
2024-12-31,11132,407
2024-12-31,11134,980.53
2024-12-31,11136,231.95
2024-12-31,11137,282.59
2024-12-31,11138,216.4
2024-12-31,11139,267.85
2024-12-31,11143,221.94
2024-12-31,11144,344.53
2024-12-31,11145,296.74
2024-12-31,11149,245.99
2024-12-31,11150,489.33
2024-12-31,11151,436.54
2024-12-31,11154,315.02
2024-12-31,11156,262.59
2024-12-31,11158,214.56
2024-12-31,11162,345.58
2024-12-31,11163,442.53
2024-12-31,11165,320.13
2024-12-31,11168,364.7
2024-12-31,11169,201.26
2024-12-31,11172,349.02
2024-12-31,11174,200.11
2024-12-31,11181,338.19
2024-12-31,11185,493.32
2024-12-31,11189,289.83
2024-12-31,11190,639.07
2024-12-31,11191,204.88
2024-12-31,11192,650.96
2024-12-31,11193,476.77
2024-12-31,11195,208.47
2024-12-31,11196,340.71
2024-12-31,11198,155.95
2024-12-31,11199,96.31
2024-12-31,11200,229.25
2024-12-31,11201,591.6
2024-12-31,11202,298.45
2024-12-31,11204,358.51
2024-12-31,11205,275.01
2024-12-31,11206,202.75
2024-12-31,11207,913.39
2024-12-31,11210,359.94
2024-12-31,11212,452.55
2024-12-31,11213,191.37
2024-12-31,11220,732.46
2024-12-31,11221,226.75
2024-12-31,11222,369.79
2024-12-31,11225,190.47
2024-12-31,11227,362.28
2024-12-31,11230,266.59
2024-12-31,11231,232.81
2024-12-31,11232,420.14
2024-12-31,11233,351.6
2024-12-31,11237,198.34
2024-12-31,11238,530.53
2024-12-31,11240,212.31
2024-12-31,11241,451.77
2024-12-31,11242,689.82
2024-12-31,11243,423.75
2024-12-31,11250,504.71
2024-12-31,11253,197.49
2024-12-31,11254,300.79
2024-12-31,11256,381.23
2024-12-31,11259,439.45
2024-12-31,11263,340.29
2024-12-31,11264,630.65
2024-12-31,11268,241.77
2024-12-31,11275,449.28
2024-12-31,11278,125.22
2024-12-31,11280,250.38
2024-12-31,11281,766.52
2024-12-31,11283,219.09
2024-12-31,11284,475.67
2024-12-31,11285,264.5
2024-12-31,11286,180.59
2024-12-31,11287,272
2024-12-31,11288,104.36
2024-12-31,11289,404.29
2024-12-31,11290,238.31
2024-12-31,11294,288.8
2024-12-31,11296,279.98
2024-12-31,11297,274.26
2024-12-31,11299,226.22
2024-12-31,11301,632.12
2024-12-31,11302,203.47
2024-12-31,11303,309.91
2024-12-31,11304,411.29
2024-12-31,11305,436.01
2024-12-31,11306,546.23
2024-12-31,11307,253
2024-12-31,11308,715.42
2024-12-31,11309,364.06
2024-12-31,11310,921.33
2024-12-31,11313,204.09
2024-12-31,11314,153.71
2024-12-31,11316,786.88
2024-12-31,11318,225.05
2024-12-31,11319,347.52
2024-12-31,11322,387.34
2024-12-31,11325,188.58
2024-12-31,11326,508.02
2024-12-31,11327,396.14
2024-12-31,11330,286.09
2024-12-31,11332,189.33
2024-12-31,11336,247.82
2024-12-31,11337,593.8
2024-12-31,11339,569.21
2024-12-31,11340,319.17
2024-12-31,11342,526.78
2024-12-31,11343,285.34
2024-12-31,11345,254.78
2024-12-31,11346,252.22
2024-12-31,11348,695.93
2024-12-31,11353,217.4
2024-12-31,11354,163.86
2024-12-31,11355,176.63
2024-12-31,11357,203.64
2024-12-31,11360,405.8
2024-12-31,11361,470.35
2024-12-31,11366,225.65
2024-12-31,11367,353.37
2024-12-31,11373,261.73
2024-12-31,11374,207.01
2024-12-31,11377,134.09
2024-12-31,11379,474.78
2024-12-31,11380,500.66
2024-12-31,11391,545.77
2024-12-31,11392,447.67
2024-12-31,11397,659.43
2024-12-31,11399,182.69
2024-12-31,11402,239.08
2024-12-31,11403,278.08
2024-12-31,11404,589.89
2024-12-31,11407,556.5
2024-12-31,11408,334.37
2024-12-31,11410,601.69
2024-12-31,11411,382.82
2024-12-31,11412,320.85
2024-12-31,11413,510.65
2024-12-31,11414,319.75
2024-12-31,11416,475.33
2024-12-31,11421,263.1
2024-12-31,11427,220.11
2024-12-31,11428,425.03
2024-12-31,11434,358.36
2024-12-31,11436,329.88
2024-12-31,11440,258.1
2024-12-31,11441,204.13
2024-12-31,11445,342.04
2024-12-31,11457,675.35
2024-12-31,11458,231.04
2024-12-31,11459,465.74
2024-12-31,11461,322.68
2024-12-31,11464,811.38
2024-12-31,11467,305.36
2024-12-31,11468,287.3
2024-12-31,11469,146.01
2024-12-31,11471,367.44
2024-12-31,11472,255.5
2024-12-31,11478,372.55
2024-12-31,11482,366.38
2024-12-31,11483,468.93
2024-12-31,11484,579.89
2024-12-31,11485,542.41
2024-12-31,11486,476.59
2024-12-31,11487,566.02
2024-12-31,11489,371.47
2024-12-31,11490,193.53
2024-12-31,11491,238.73
2024-12-31,11492,682.05
2024-12-31,11499,584.68
2024-12-31,11502,282.93
2024-12-31,11505,621.62
2024-12-31,11506,377.61
2024-12-31,11507,301.31
2024-12-31,11508,553.67
2024-12-31,11511,240.94
2024-12-31,11515,278.56
2024-12-31,11517,168.5
2024-12-31,11518,333.84
2024-12-31,11520,279.87
2024-12-31,11522,437.95
2024-12-31,11526,602.22
2024-12-31,11527,244.87
2024-12-31,11528,450.74
2024-12-31,11529,808.75
2024-12-31,11530,288.82
2024-12-31,11532,420.57
2024-12-31,11536,490.67
2024-12-31,11537,516.54
2024-12-31,11538,816.06
2024-12-31,11541,306.1
2024-12-31,11545,295.13
2024-12-31,11548,382.25
2024-12-31,11549,511.77
2024-12-31,11550,210.81
2024-12-31,11554,438.84
2024-12-31,11555,268.05
2024-12-31,11558,408.15
2024-12-31,11559,254.32
2024-12-31,11560,272.67
2024-12-31,11561,147.18
2024-12-31,11563,335.14
2024-12-31,11564,684.6
2024-12-31,11565,206.74
2024-12-31,11567,212.14
2024-12-31,11568,303.19
2024-12-31,11570,228.93
2024-12-31,11572,503.44
2024-12-31,11573,309.98
2024-12-31,11575,399.86
2024-12-31,11582,288.42
2024-12-31,11584,406.14
2024-12-31,11586,386.84
2024-12-31,11587,126.44
2024-12-31,11591,107.68
2024-12-31,11592,237.43
2024-12-31,11593,410.73
2024-12-31,11596,345.55
2024-12-31,11599,199.63
2024-12-31,11600,154.4
2024-12-31,11602,364.28
2024-12-31,11603,443.36
2024-12-31,11604,348.21
2024-12-31,11609,494.81
2024-12-31,11610,389.64
2024-12-31,11611,354.24
2024-12-31,11612,209.74
2024-12-31,11614,108.63
2024-12-31,11616,232.92
2024-12-31,11617,411.14
2024-12-31,11619,160.38
2024-12-31,11621,590.94
2024-12-31,11623,200.76
2024-12-31,11625,694.44
2024-12-31,11626,402.47
2024-12-31,11627,317.14
2024-12-31,11629,258.69
2024-12-31,11631,251.06
2024-12-31,11633,343.89
2024-12-31,11634,199.17
2024-12-31,11635,397.12
2024-12-31,11636,653.33
2024-12-31,11637,543.84
2024-12-31,11639,185.91
2024-12-31,11640,191.83
2024-12-31,11643,920.97
2024-12-31,11645,447.12
2024-12-31,11646,60.37
2024-12-31,11647,541.37
2024-12-31,11648,757.75
2024-12-31,11651,247.92
2024-12-31,11652,453.88
2024-12-31,11653,308.97
2024-12-31,11658,366.01
2024-12-31,11660,304.96
2024-12-31,11661,418.16
2024-12-31,11662,547.33
2024-12-31,11664,917.92
2024-12-31,11665,109.37
2024-12-31,11666,546.59
2024-12-31,11669,183.05
2024-12-31,11674,376.66
2024-12-31,11677,123.28
2024-12-31,11678,171.71
2024-12-31,11679,218.88
2024-12-31,11680,428.14
2024-12-31,11684,254.1
2024-12-31,11685,376.6
2024-12-31,11690,150.83
2024-12-31,11693,165.74
2024-12-31,11694,292.19
2024-12-31,11695,477.83
2024-12-31,11696,126.14
2024-12-31,11697,203.09
2024-12-31,11698,526.56
2024-12-31,11699,314.92
2024-12-31,11702,368.33
2024-12-31,11703,206.98
2024-12-31,11704,130.71
2024-12-31,11706,410.43
2024-12-31,11707,286.86
2024-12-31,11709,316.58
2024-12-31,11711,120.06
2024-12-31,11713,305.35
2024-12-31,11714,332.17
2024-12-31,11715,403.44
2024-12-31,11720,314.37
2024-12-31,11721,276.42
2024-12-31,11722,387.24
2024-12-31,11725,145.52
2024-12-31,11727,215.57
2024-12-31,11730,308.36
2024-12-31,11731,303.52
2024-12-31,11732,724.92
2024-12-31,11733,174.34
2024-12-31,11734,520.83
2024-12-31,11737,210.75
2024-12-31,11738,455.79
2024-12-31,11742,155.58
2024-12-31,11744,239.88
2024-12-31,11745,327.69
2024-12-31,11747,496.04
2024-12-31,11752,261.78
2024-12-31,11753,211.19
2024-12-31,11754,365.01
2024-12-31,11757,526.58
2024-12-31,11758,340.05
2024-12-31,11761,227.06
2024-12-31,11762,150.74
2024-12-31,11763,381.35
2024-12-31,11766,470.71
2024-12-31,11767,503.58
2024-12-31,11768,155.37
2024-12-31,11771,381.03
2024-12-31,11773,601.13
2024-12-31,11778,239.33
2024-12-31,11781,373.25
2024-12-31,11782,352.17
2024-12-31,11784,539.83
2024-12-31,11785,445.15
2024-12-31,11786,260.54
2024-12-31,11787,377.25
2024-12-31,11788,590.01
2024-12-31,11790,183.84
2024-12-31,11792,327.5
2024-12-31,11794,359.89
2024-12-31,11800,378.33
2024-12-31,11803,274.08
2024-12-31,11805,107.85
2024-12-31,11806,423.15
2024-12-31,11807,251.69
2024-12-31,11808,245.53
2024-12-31,11809,699.8
2024-12-31,11811,361.53
2024-12-31,11813,180.61
2024-12-31,11818,605
2024-12-31,11820,609.85
2024-12-31,11821,623.43
2024-12-31,11824,314.19
2024-12-31,11825,261.09
2024-12-31,11827,395.64
2024-12-31,11828,271.99
2024-12-31,11829,494.94
2024-12-31,11830,325.36
2024-12-31,11831,639.41
2024-12-31,11833,442.78
2024-12-31,11837,688.09
2024-12-31,11838,253.99
2024-12-31,11842,533.25
2024-12-31,11845,682.86
2024-12-31,11846,230.35
2024-12-31,11847,271.46
2024-12-31,11849,312.72
2024-12-31,11850,233.11
2024-12-31,11852,397.43
2024-12-31,11858,577.06
2024-12-31,11862,303.19
2024-12-31,11863,479.4
2024-12-31,11865,252.25
2024-12-31,11868,131.18
2024-12-31,11870,237.57
2024-12-31,11873,200.81
2024-12-31,11875,147.62
2024-12-31,11876,256.57
2024-12-31,11877,428.24
2024-12-31,11878,274.79
2024-12-31,11880,89.3
2024-12-31,11881,215.43
2024-12-31,11883,824.73
2024-12-31,11885,408.65
2024-12-31,11887,297.84
2024-12-31,11890,292.31
2024-12-31,11891,733.69
2024-12-31,11893,185.12
2024-12-31,11894,215.43
2024-12-31,11895,215.6
2024-12-31,11896,452.37
2024-12-31,11900,290.26
2024-12-31,11904,284.76
2024-12-31,11906,236.52
2024-12-31,11907,397.67
2024-12-31,11908,436.01
2024-12-31,11909,502.74
2024-12-31,11910,287.74
2024-12-31,11911,591.27
2024-12-31,11912,437.48
2024-12-31,11913,224.99
2024-12-31,11916,205.58
2024-12-31,11918,219.62
2024-12-31,11919,324.45
2024-12-31,11920,363.58
2024-12-31,11923,325.22
2024-12-31,11925,474.95
2024-12-31,11926,217.11
2024-12-31,11927,304.44
2024-12-31,11929,355.53
2024-12-31,11931,891.06
2024-12-31,11932,454.43
2024-12-31,11934,386.23
2024-12-31,11936,152.76
2024-12-31,11938,259.64
2024-12-31,11941,489.77
2024-12-31,11942,199.19
2024-12-31,11943,86.02
2024-12-31,11950,308.47
2024-12-31,11951,244.58
2024-12-31,11952,360.21
2024-12-31,11954,421.87
2024-12-31,11955,206.38
2024-12-31,11957,169.29
2024-12-31,11959,422.68
2024-12-31,11961,202.64
2024-12-31,11962,159.27
2024-12-31,11965,255.14
2024-12-31,11967,398.52
2024-12-31,11968,138.37
2024-12-31,11972,179.97
2024-12-31,11974,407.23
2024-12-31,11979,376.34
2024-12-31,11980,230.49
2024-12-31,11981,561.42
2024-12-31,11982,232.66
2024-12-31,11984,349.6
2024-12-31,11985,320.49
2024-12-31,11986,352.45
2024-12-31,11989,207.34
2024-12-31,11994,1059.38
2024-12-31,11995,1092.22
2024-12-31,11996,326.1
2024-12-31,11999,189.83
2024-12-31,12000,491.04
2024-12-31,12001,254.45
2024-12-31,12002,297.86
2024-12-31,12005,476.16
2024-12-31,12007,413.18
2024-12-31,12008,118.98
2024-12-31,12009,276.97
2024-12-31,12011,435.85
2024-12-31,12012,289.76
2024-12-31,12014,213.39
2024-12-31,12015,383.02
2024-12-31,12016,218.97
2024-12-31,12017,424.81
2024-12-31,12021,289.99
2024-12-31,12023,220.01
2024-12-31,12024,310.59
2024-12-31,12025,269.07
2024-12-31,12026,711.23
2024-12-31,12030,247.18
2024-12-31,12031,403.26
2024-12-31,12032,214.95
2024-12-31,12033,200.26
2024-12-31,12034,227.48
2024-12-31,12035,238.32
2024-12-31,12036,484.64
2024-12-31,12039,478.03
2024-12-31,12041,244.07
2024-12-31,12044,197.05
2024-12-31,12045,388.88
2024-12-31,12051,339.53
2024-12-31,12052,92.08
2024-12-31,12055,230.1
2024-12-31,12058,411.89
2024-12-31,12061,596
2024-12-31,12062,449.93
2024-12-31,12065,184.38
2024-12-31,12068,126.45
2024-12-31,12070,395.61
2024-12-31,12073,350.8
2024-12-31,12075,305.05
2024-12-31,12078,205.57
2024-12-31,12081,202.89
2024-12-31,12082,296.6
2024-12-31,12083,292.98
2024-12-31,12085,275.23
2024-12-31,12086,213.69
2024-12-31,12087,230.6
2024-12-31,12089,521.89
2024-12-31,12090,548.29
2024-12-31,12093,494.58
2024-12-31,12095,241.38
2024-12-31,12098,522.38
2024-12-31,12099,166.24
2024-12-31,12100,250.82
2024-12-31,12102,913.29
2024-12-31,12104,218.75
2024-12-31,12105,262.43
2024-12-31,12107,383.62
2024-12-31,12111,681.99
2024-12-31,12114,521.32
2024-12-31,12115,396.67
2024-12-31,12116,514.98
2024-12-31,12117,131.13
2024-12-31,12119,361.53
2024-12-31,12120,267.21
2024-12-31,12123,266.15
2024-12-31,12126,630.08
2024-12-31,12129,480.29
2024-12-31,12130,548.67
2024-12-31,12132,298.7
2024-12-31,12136,287.03
2024-12-31,12137,256.41
2024-12-31,12138,299.02
2024-12-31,12142,190.13
2024-12-31,12143,416.26
2024-12-31,12144,303.37
2024-12-31,12145,595.78
2024-12-31,12146,267.07
2024-12-31,12148,290.91
2024-12-31,12150,273.86
2024-12-31,12153,451.25
2024-12-31,12154,381.33
2024-12-31,12155,258.7
2024-12-31,12158,512.77
2024-12-31,12159,238.31
2024-12-31,12160,344.57
2024-12-31,12161,287.04
2024-12-31,12162,233.07
2024-12-31,12163,317.55
2024-12-31,12164,219.96
2024-12-31,12165,848.4
2024-12-31,12170,202.93
2024-12-31,12172,348.78
2024-12-31,12174,289.84
2024-12-31,12176,373.2
2024-12-31,12177,557.38
2024-12-31,12178,518.34
2024-12-31,12181,282.9
2024-12-31,12183,358.27
2024-12-31,12185,770.94
2024-12-31,12188,731.78
2024-12-31,12193,401.73
2024-12-31,12194,499.2
2024-12-31,12195,384.08
2024-12-31,12197,423.57
2024-12-31,12199,642.3
2024-12-31,12200,426.03
2024-12-31,12202,392.28
2024-12-31,12203,382.1
2024-12-31,12205,283.64
2024-12-31,12206,249.33
2024-12-31,12207,272.85
2024-12-31,12208,406.43
2024-12-31,12210,372.51
2024-12-31,12211,356.3
2024-12-31,12212,755.38
2024-12-31,12213,537.81
2024-12-31,12214,167.83
2024-12-31,12216,148.86
2024-12-31,12217,258.89
2024-12-31,12218,373.58
2024-12-31,12221,391.12
2024-12-31,12225,364.47
2024-12-31,12227,463.13
2024-12-31,12229,301.38
2024-12-31,12230,617.35
2024-12-31,12231,502.33
2024-12-31,12232,288.13
2024-12-31,12234,208.45
2024-12-31,12235,561.08
2024-12-31,12238,258.06
2024-12-31,12239,487.76
2024-12-31,12240,288.28
2024-12-31,12242,257.52
2024-12-31,12244,451.64
2024-12-31,12250,381.31
2024-12-31,12251,216.35
2024-12-31,12253,265.08
2024-12-31,12256,514.67
2024-12-31,12257,450.44
2024-12-31,12258,701.04
2024-12-31,12259,334.77
2024-12-31,12260,676.59
2024-12-31,12261,494.73
2024-12-31,12262,280.26
2024-12-31,12265,254.63
2024-12-31,12269,127
2024-12-31,12270,148.07
2024-12-31,12272,493.71
2024-12-31,12273,252.15
2024-12-31,12274,214.34
2024-12-31,12275,294.27
2024-12-31,12278,958.08
2024-12-31,12280,263.12
2024-12-31,12282,722.92
2024-12-31,12283,457.64
2024-12-31,12284,342.12
2024-12-31,12285,217.91
2024-12-31,12286,213.05
2024-12-31,12289,159.46
2024-12-31,12290,283.72
2024-12-31,12292,215.2
2024-12-31,12296,522.53
2024-12-31,12300,386.51
2024-12-31,12301,719.14
2024-12-31,12302,451.63
2024-12-31,12303,483.42
2024-12-31,12306,411.12
2024-12-31,12308,184.03
2024-12-31,12309,305.06
2024-12-31,12313,782.74
2024-12-31,12316,434.89
2024-12-31,12319,132.36
2024-12-31,12320,570.44
2024-12-31,12321,287.27
2024-12-31,12324,541.39
2024-12-31,12326,442.27
2024-12-31,12328,193.64
2024-12-31,12330,680.48
2024-12-31,12332,333.69
2024-12-31,12338,365.54
2024-12-31,12339,410.42
2024-12-31,12340,379.2
2024-12-31,12341,398.17
2024-12-31,12342,532.26
2024-12-31,12345,294.31
2024-12-31,12346,119.77
2024-12-31,12348,328.13
2024-12-31,12349,410.73
2024-12-31,12350,486.78
2024-12-31,12351,301.39
2024-12-31,12356,489.94
2024-12-31,12357,223.56
2024-12-31,12358,196.84
2024-12-31,12359,392.66
2024-12-31,12361,306.34
2024-12-31,12364,210.63
2024-12-31,12365,377.18
2024-12-31,12366,400.53
2024-12-31,12367,614.96
2024-12-31,12368,396.48
2024-12-31,12369,290.97
2024-12-31,12370,177.27
2024-12-31,12371,215.8
2024-12-31,12374,566.92
2024-12-31,12375,432.93
2024-12-31,12379,322.59
2024-12-31,12380,202.72
2024-12-31,12386,331.94
2024-12-31,12391,213.43
2024-12-31,12392,501.22
2024-12-31,12393,241.34
2024-12-31,12395,310.18
2024-12-31,12397,662.01
2024-12-31,12398,495.57
2024-12-31,12399,408.78
2024-12-31,12400,305.24
2024-12-31,12401,351.82
2024-12-31,12402,211.67
2024-12-31,12410,286.9
2024-12-31,12411,132.04
2024-12-31,12412,194.19
2024-12-31,12414,350.27
2024-12-31,12415,439.51
2024-12-31,12416,444.79
2024-12-31,12419,240.17
2024-12-31,12420,271.03
2024-12-31,12422,158
2024-12-31,12423,460.29
2024-12-31,12425,218.85
2024-12-31,12427,207.64
2024-12-31,12429,882.67
2024-12-31,12432,271.27
2024-12-31,12433,426.59
2024-12-31,12436,228.16
2024-12-31,12438,150.5
2024-12-31,12439,280.98
2024-12-31,12445,263.04
2024-12-31,12447,275.32
2024-12-31,12448,141.62
2024-12-31,12456,278.1
2024-12-31,12457,348.91
2024-12-31,12459,633.48
2024-12-31,12460,129.34
2024-12-31,12462,381.82
2024-12-31,12466,383.27
2024-12-31,12467,211.24
2024-12-31,12468,287.19
2024-12-31,12471,276.01
2024-12-31,12472,387.49
2024-12-31,12474,333.36
2024-12-31,12475,126.55
2024-12-31,12476,289.89
2024-12-31,12477,364.99
2024-12-31,12479,294.48
2024-12-31,12486,526.64
2024-12-31,12488,405.92
2024-12-31,12489,304.67
2024-12-31,12490,211.63
2024-12-31,12491,190.01
2024-12-31,12493,373.84
2024-12-31,12494,142.44
2024-12-31,12495,281.73
2024-12-31,12499,575.08
2024-12-31,12500,441.43
2024-12-31,12502,253.24
2024-12-31,12503,291.81
2024-12-31,12504,243.18
2024-12-31,12506,315
2024-12-31,12507,362.04
2024-12-31,12508,386.74
2024-12-31,12510,212.58
2024-12-31,12513,521.24
2024-12-31,12514,292.48
2024-12-31,12515,538.81
2024-12-31,12516,360.46
2024-12-31,12520,392.49
2024-12-31,12521,470.21
2024-12-31,12523,414
2024-12-31,12528,169.92
2024-12-31,12531,402.69
2024-12-31,12532,153.18
2024-12-31,12533,222.64
2024-12-31,12535,177.56
2024-12-31,12536,367.43
2024-12-31,12543,474.92
2024-12-31,12544,856.39
2024-12-31,12545,432.87
2024-12-31,12546,199.32
2024-12-31,12547,241.58
2024-12-31,12548,364.39
2024-12-31,12549,302.05
2024-12-31,12551,441.33
2024-12-31,12552,394.96
2024-12-31,12553,215.64
2024-12-31,12556,541.5
2024-12-31,12558,249.26
2024-12-31,12559,342.42
2024-12-31,12560,381.15
2024-12-31,12563,613.62
2024-12-31,12564,172.87
2024-12-31,12565,652.16
2024-12-31,12567,198.77
2024-12-31,12568,337.4
2024-12-31,12569,899.17
2024-12-31,12571,139.5
2024-12-31,12574,499.7
2024-12-31,12577,375.59
2024-12-31,12580,888.72
2024-12-31,12583,403.32
2024-12-31,12584,220.14
2024-12-31,12585,424.7
2024-12-31,12586,184.3
2024-12-31,12589,242.24
2024-12-31,12592,485.75
2024-12-31,12593,152.47
2024-12-31,12598,303.08
2024-12-31,12599,490.22
2024-12-31,12601,833.42
2024-12-31,12602,242.76
2024-12-31,12604,391.52
2024-12-31,12605,237.94
2024-12-31,12606,469.04
2024-12-31,12607,229.04
2024-12-31,12608,373.87
2024-12-31,12610,158.77
2024-12-31,12615,202.06
2024-12-31,12616,242.06
2024-12-31,12618,413.19
2024-12-31,12619,727.06
2024-12-31,12623,95.05
2024-12-31,12624,233.61
2024-12-31,12626,208.39
2024-12-31,12627,179.74
2024-12-31,12628,372.51
2024-12-31,12629,384.49
2024-12-31,12631,295.87
2024-12-31,12634,226.86
2024-12-31,12640,144.66
2024-12-31,12644,443.61
2024-12-31,12645,397.26
2024-12-31,12646,502.3
2024-12-31,12648,263.46
2024-12-31,12649,471.72
2024-12-31,12650,168.73
2024-12-31,12651,166.21
2024-12-31,12653,383.77
2024-12-31,12654,283.14
2024-12-31,12660,284.37
2024-12-31,12661,538.13
2024-12-31,12665,429.45
2024-12-31,12666,269.47
2024-12-31,12667,137.27
2024-12-31,12671,875.45
2024-12-31,12672,406.98
2024-12-31,12674,219.72
2024-12-31,12675,500.55
2024-12-31,12678,359.98
2024-12-31,12679,265.33
2024-12-31,12684,235.69
2024-12-31,12685,497.95
2024-12-31,12686,438.07
2024-12-31,12687,554.06
2024-12-31,12690,171.21
2024-12-31,12693,337.04
2024-12-31,12696,350.06
2024-12-31,12698,1024.94
2024-12-31,12702,1250.62
2024-12-31,12704,747.83
2024-12-31,12707,477
2024-12-31,12708,379.08
2024-12-31,12709,491.81
2024-12-31,12710,607.7
2024-12-31,12711,189.54
2024-12-31,12714,408.7
2024-12-31,12715,443.98
2024-12-31,12717,299.41
2024-12-31,12719,234.28
2024-12-31,12722,642.31
2024-12-31,12725,357.53
2024-12-31,12726,179.34
2024-12-31,12728,291.66
2024-12-31,12729,444.26
2024-12-31,12730,245.35
2024-12-31,12733,329.7
2024-12-31,12734,176.66
2024-12-31,12736,151.45
2024-12-31,12737,126.36
2024-12-31,12739,464.1
2024-12-31,12742,238.8
2024-12-31,12743,285.57
2024-12-31,12744,275.75
2024-12-31,12746,369.8
2024-12-31,12747,215.02
2024-12-31,12749,260.16
2024-12-31,12750,561.01
2024-12-31,12751,296.15
2024-12-31,12752,340.55
2024-12-31,12753,338.7
2024-12-31,12754,539.69
2024-12-31,12756,321.82
2024-12-31,12761,542.22
2024-12-31,12762,536.19
2024-12-31,12763,226.39
2024-12-31,12765,337.59
2024-12-31,12766,394.29
2024-12-31,12767,142.34
2024-12-31,12768,341.4
2024-12-31,12769,538.62
2024-12-31,12771,654.2
2024-12-31,12772,155.4
2024-12-31,12773,396.26
2024-12-31,12774,295.66
2024-12-31,12776,190.7
2024-12-31,12782,623.68
2024-12-31,12783,330.38
2024-12-31,12786,287.01
2024-12-31,12787,173.92
2024-12-31,12789,488.73
2024-12-31,12792,296.85
2024-12-31,12793,268.72
2024-12-31,12794,166.31
2024-12-31,12796,308.84
2024-12-31,12799,225.02
2024-12-31,12800,298.96
2024-12-31,12802,193.14
2024-12-31,12803,531.5
2024-12-31,12804,281.28
2024-12-31,12805,474.01
2024-12-31,12807,116.1
2024-12-31,12810,197.57
2024-12-31,12811,234.79
2024-12-31,12813,203.19
2024-12-31,12815,512.93
2024-12-31,12817,133.28
2024-12-31,12818,244.79
2024-12-31,12823,200.33
2024-12-31,12825,351.26
2024-12-31,12826,419.48
2024-12-31,12827,294.81
2024-12-31,12830,130.94
2024-12-31,12832,298.05
2024-12-31,12834,392.3
2024-12-31,12836,325.62
2024-12-31,12837,370.29
2024-12-31,12839,300.44
2024-12-31,12842,135.63
2024-12-31,12843,175.86
2024-12-31,12844,238.54
2024-12-31,12848,494.51
2024-12-31,12854,372.46
2024-12-31,12856,425.08
2024-12-31,12857,429.05
2024-12-31,12859,939.16
2024-12-31,12861,239.59
2024-12-31,12864,239.27
2024-12-31,12865,571.52
2024-12-31,12871,387.26
2024-12-31,12872,263.3
2024-12-31,12873,275.35
2024-12-31,12874,206.51
2024-12-31,12876,191.84
2024-12-31,12878,611.68
2024-12-31,12881,271.93
2024-12-31,12885,199.29
2024-12-31,12888,370.81
2024-12-31,12889,115.94
2024-12-31,12892,162.74
2024-12-31,12893,463.97
2024-12-31,12894,510.56
2024-12-31,12896,211.57
2024-12-31,12898,297.09
2024-12-31,12899,417.81
2024-12-31,12907,462.13
2024-12-31,12908,230.71
2024-12-31,12909,529.06
2024-12-31,12912,186.4
2024-12-31,12914,301.91
2024-12-31,12916,764.9
2024-12-31,12919,353.01
2024-12-31,12920,154.78
2024-12-31,12922,433.47
2024-12-31,12924,372.4
2024-12-31,12925,200.89
2024-12-31,12926,325.19
2024-12-31,12927,740.26
2024-12-31,12928,280.88
2024-12-31,12929,300.85
2024-12-31,12930,488.6
2024-12-31,12934,339.23
2024-12-31,12939,188.86
2024-12-31,12940,114.14
2024-12-31,12941,282.77
2024-12-31,12942,418.27
2024-12-31,12943,275.66
2024-12-31,12944,563.65
2024-12-31,12945,383.4
2024-12-31,12946,223.08
2024-12-31,12947,294.55
2024-12-31,12949,688.74
2024-12-31,12951,599.77
2024-12-31,12954,212.73
2024-12-31,12955,257.67
2024-12-31,12956,506.82
2024-12-31,12959,107.29
2024-12-31,12960,455.69
2024-12-31,12964,132
2024-12-31,12966,279.11
2024-12-31,12967,771.66
2024-12-31,12969,173.1
2024-12-31,12972,476.52
2024-12-31,12974,235.58
2024-12-31,12975,307.08
2024-12-31,12976,358.21
2024-12-31,12978,209.06
2024-12-31,12979,331.24
2024-12-31,12980,264.19
2024-12-31,12982,192.6
2024-12-31,12983,603.03
2024-12-31,12987,309.1
2024-12-31,12989,753.52
2024-12-31,12991,173.54
2024-12-31,12993,356.11
2024-12-31,12994,55.84
2024-12-31,12995,648.48
2024-12-31,12997,249.24
2024-12-31,12999,635.34
2024-12-31,13001,443.62
2024-12-31,13003,514.97
2024-12-31,13004,251.58
2024-12-31,13007,457.16
2024-12-31,13009,128.29
2024-12-31,13010,191.09
2024-12-31,13011,147.13
2024-12-31,13016,220.71
2024-12-31,13017,179.03
2024-12-31,13019,345.54
2024-12-31,13024,338.41
2024-12-31,13026,175.43
2024-12-31,13030,465.43
2024-12-31,13033,289.04
2024-12-31,13034,347.32
2024-12-31,13035,342.67
2024-12-31,13041,369.75
2024-12-31,13047,114.99
2024-12-31,13048,149.49
2024-12-31,13052,211.54
2024-12-31,13055,306.47
2024-12-31,13057,128.24
2024-12-31,13058,242.73
2024-12-31,13059,590.77
2024-12-31,13060,462.2
2024-12-31,13062,295.28
2024-12-31,13064,386.95
2024-12-31,13066,151.36
2024-12-31,13067,180.63
2024-12-31,13070,227.91
2024-12-31,13072,364.96
2024-12-31,13073,663.17
2024-12-31,13075,197.94
2024-12-31,13076,307.19
2024-12-31,13078,329.11
2024-12-31,13081,729.47
2024-12-31,13084,427.64
2024-12-31,13086,150.28
2024-12-31,13088,215.64
2024-12-31,13093,336.55
2024-12-31,13097,293.45
2024-12-31,13098,371.23
2024-12-31,13100,308.21
2024-12-31,13103,386.51
2024-12-31,13104,290.07
2024-12-31,13106,347.11
2024-12-31,13109,258.39
2024-12-31,13111,394.89
2024-12-31,13112,317.81
2024-12-31,13114,211.12
2024-12-31,13115,104.52
2024-12-31,13119,412.41
2024-12-31,13121,144.25
2024-12-31,13122,294.97
2024-12-31,13124,440.15
2024-12-31,13127,195.44
2024-12-31,13128,374.38
2024-12-31,13133,191.05
2024-12-31,13136,353.21
2024-12-31,13139,346.53
2024-12-31,13140,244.36
2024-12-31,13142,279.75
2024-12-31,13143,179.72
2024-12-31,13149,234.09
2024-12-31,13153,168.77
2024-12-31,13160,636.78
2024-12-31,13164,219.76
2024-12-31,13166,424.08
2024-12-31,13167,214.95
2024-12-31,13168,361.91
2024-12-31,13170,484.02
2024-12-31,13173,126.84
2024-12-31,13176,141.62
2024-12-31,13177,474.44
2024-12-31,13179,292.88
2024-12-31,13182,413.77
2024-12-31,13184,408.26
2024-12-31,13185,329.41
2024-12-31,13186,187.47
2024-12-31,13187,206.69
2024-12-31,13189,359.71
2024-12-31,13191,226.9
2024-12-31,13192,509.43
2024-12-31,13193,154.89
2024-12-31,13196,456.03
2024-12-31,13197,707.08
2024-12-31,13199,476.01
2024-12-31,13200,195.09
2024-12-31,13201,617.46
2024-12-31,13202,340.66
2024-12-31,13205,272.07
2024-12-31,13207,178.16
2024-12-31,13208,410.3
2024-12-31,13210,345.1
2024-12-31,13212,315.35
2024-12-31,13213,187.6
2024-12-31,13215,261.21
2024-12-31,13217,353.37
2024-12-31,13220,268.83
2024-12-31,13222,615.94
2024-12-31,13223,491.57
2024-12-31,13224,289.14
2024-12-31,13226,239
2024-12-31,13227,417.72
2024-12-31,13231,579.12
2024-12-31,13232,202.35
2024-12-31,13233,357.81
2024-12-31,13234,166.06
2024-12-31,13235,329.63
2024-12-31,13236,123.12
2024-12-31,13238,247.11
2024-12-31,13240,554.04
2024-12-31,13243,317.5
2024-12-31,13245,348.32
2024-12-31,13246,974.35
2024-12-31,13248,308.34
2024-12-31,13249,593.11
2024-12-31,13253,240.58
2024-12-31,13255,559.15
2024-12-31,13259,466.46
2024-12-31,13261,419.45
2024-12-31,13264,161.39
2024-12-31,13265,239.58
2024-12-31,13268,216.61
2024-12-31,13269,494.44
2024-12-31,13272,284.65
2024-12-31,13277,304.48
2024-12-31,13280,265.21
2024-12-31,13281,503.11
2024-12-31,13282,246.29
2024-12-31,13284,185.9
2024-12-31,13286,206.04
2024-12-31,13287,355.09
2024-12-31,13288,151.85
2024-12-31,13291,233.79
2024-12-31,13292,254.94
2024-12-31,13293,447.54
2024-12-31,13294,231.06
2024-12-31,13296,406.38
2024-12-31,13297,342.12
2024-12-31,13301,362.72
2024-12-31,13304,320.69
2024-12-31,13307,340.95
2024-12-31,13308,1468.36
2024-12-31,13309,277.37
2024-12-31,13310,327.97
2024-12-31,13314,300.93
2024-12-31,13315,545.4
2024-12-31,13316,496.23
2024-12-31,13317,347.16
2024-12-31,13318,544.81
2024-12-31,13320,209.12
2024-12-31,13323,1025.7
2024-12-31,13324,141.07
2024-12-31,13326,331.91
2024-12-31,13327,310.42
2024-12-31,13328,174.46
2024-12-31,13330,415.7
2024-12-31,13332,830.6
2024-12-31,13333,406.25
2024-12-31,13334,407.88
2024-12-31,13335,103.17
2024-12-31,13336,578.75
2024-12-31,13339,453.52
2024-12-31,13340,188.91
2024-12-31,13341,197.36
2024-12-31,13342,219.07
2024-12-31,13343,480.07
2024-12-31,13344,243.59
2024-12-31,13347,219.08
2024-12-31,13351,332.08
2024-12-31,13355,290.05
2024-12-31,13359,297.93
2024-12-31,13362,483.84
2024-12-31,13365,347.48
2024-12-31,13367,127.05
2024-12-31,13368,334.93
2024-12-31,13369,99.1
2024-12-31,13370,471
2024-12-31,13373,258.38
2024-12-31,13374,485.4
2024-12-31,13376,281.83
2024-12-31,13378,251.25
2024-12-31,13379,142.42
2024-12-31,13381,284
2024-12-31,13382,417.86
2024-12-31,13385,434.3
2024-12-31,13387,571.26
2024-12-31,13389,655.12
2024-12-31,13391,321.81
2024-12-31,13398,246.25
2024-12-31,13399,565.74
2024-12-31,13404,465.47
2024-12-31,13407,250.53
2024-12-31,13408,415.38
2024-12-31,13411,230.58
2024-12-31,13412,271.44
2024-12-31,13415,665.72
2024-12-31,13417,352.48
2024-12-31,13418,817.01
2024-12-31,13423,881.8
2024-12-31,13424,257.98
2024-12-31,13427,167.71
2024-12-31,13431,586.72
2024-12-31,13432,110.99
2024-12-31,13436,200.81
2024-12-31,13438,422.73
2024-12-31,13439,249.57
2024-12-31,13447,548.11
2024-12-31,13450,221.04
2024-12-31,13451,312.22
2024-12-31,13453,482.54
2024-12-31,13455,571.06
2024-12-31,13456,203.2
2024-12-31,13460,291.27
2024-12-31,13461,372.58
2024-12-31,13464,134.69
2024-12-31,13465,292.86
2024-12-31,13466,227.74
2024-12-31,13469,499.87
2024-12-31,13472,372.71
2024-12-31,13477,233.63
2024-12-31,13481,338.12
2024-12-31,13485,430.59
2024-12-31,13486,154.08
2024-12-31,13487,266.81
2024-12-31,13488,275.76
2024-12-31,13489,172.61
2024-12-31,13491,327.34
2024-12-31,13492,298.45
2024-12-31,13493,227.69
2024-12-31,13498,600.6
2024-12-31,13499,743.54
2024-12-31,13502,474.44
2024-12-31,13503,275.53
2024-12-31,13504,583.06
2024-12-31,13507,402.92
2024-12-31,13509,441.5
2024-12-31,13513,278.86
2024-12-31,13518,313.65
2024-12-31,13520,236.7
2024-12-31,13521,203.18
2024-12-31,13522,316.33
2024-12-31,13523,272.4
2024-12-31,13524,313.47
2024-12-31,13528,262.96
2024-12-31,13532,549.45
2024-12-31,13535,449.9
2024-12-31,13541,143.89
2024-12-31,13542,126.53
2024-12-31,13543,765.56
2024-12-31,13545,602.04
2024-12-31,13547,412.55
2024-12-31,13548,256.29
2024-12-31,13552,441.87
2024-12-31,13554,561.08
2024-12-31,13555,128.3
2024-12-31,13557,216.59
2024-12-31,13559,347.81
2024-12-31,13560,448.95
2024-12-31,13561,242.6
2024-12-31,13562,373.81
2024-12-31,13563,298.82
2024-12-31,13564,148.94
2024-12-31,13565,270.59
2024-12-31,13566,303.47
2024-12-31,13568,510.65
2024-12-31,13570,308.75
2024-12-31,13571,554.96
2024-12-31,13573,527.87
2024-12-31,13575,355.13
2024-12-31,13580,226.59
2024-12-31,13583,695.83
2024-12-31,13584,133.77
2024-12-31,13585,377.22
2024-12-31,13586,117.02
2024-12-31,13588,295.53
2024-12-31,13589,287.73
2024-12-31,13591,175.13
2024-12-31,13599,325.7
2024-12-31,13600,169.86
2024-12-31,13604,244.91
2024-12-31,13607,424.53
2024-12-31,13609,313.77
2024-12-31,13613,320.09
2024-12-31,13615,237.79
2024-12-31,13618,677.53
2024-12-31,13620,449.04
2024-12-31,13622,278.55
2024-12-31,13623,258.65
2024-12-31,13624,184.2
2024-12-31,13625,445.47
2024-12-31,13626,217.48
2024-12-31,13629,309.34
2024-12-31,13630,160.02
2024-12-31,13631,217.17
2024-12-31,13632,253.98
2024-12-31,13633,241.5
2024-12-31,13637,605.55
2024-12-31,13640,444.18
2024-12-31,13641,384.11
2024-12-31,13643,222.3
2024-12-31,13646,375.74
2024-12-31,13649,263.38
2024-12-31,13651,421.68
2024-12-31,13652,131.24
2024-12-31,13653,198.7
2024-12-31,13656,443.25
2024-12-31,13657,420.4
2024-12-31,13658,317.75
2024-12-31,13661,220.46
2024-12-31,13662,195.24
2024-12-31,13663,335.08
2024-12-31,13664,411.65
2024-12-31,13666,568.81
2024-12-31,13667,453.51
2024-12-31,13672,270.13
2024-12-31,13674,369.02
2024-12-31,13678,520.32
2024-12-31,13681,388.95
2024-12-31,13686,255.77
2024-12-31,13689,291.85
2024-12-31,13690,674.24
2024-12-31,13692,216.65
2024-12-31,13694,679.54
2024-12-31,13695,600.32
2024-12-31,13698,295.23
2024-12-31,13699,233
2024-12-31,13700,464.06
2024-12-31,13702,466.59
2024-12-31,13703,487.41
2024-12-31,13705,207.07
2024-12-31,13707,663.73
2024-12-31,13708,325.3
2024-12-31,13713,211.08
2024-12-31,13714,386.86
2024-12-31,13715,365.21
2024-12-31,13717,492.98
2024-12-31,13718,170.59
2024-12-31,13719,288.78
2024-12-31,13722,423.99
2024-12-31,13724,229.64
2024-12-31,13725,441.49
2024-12-31,13728,233.54
2024-12-31,13730,386.96
2024-12-31,13733,99.16
2024-12-31,13734,602.77
2024-12-31,13735,383.02
2024-12-31,13736,381.65
2024-12-31,13737,390.61
2024-12-31,13742,381.8
2024-12-31,13743,315.09
2024-12-31,13747,163.33
2024-12-31,13755,392.94
2024-12-31,13756,621.82
2024-12-31,13765,771.94
2024-12-31,13767,365.24
2024-12-31,13769,182
2024-12-31,13770,536.09
2024-12-31,13771,196.89
2024-12-31,13774,261.67
2024-12-31,13775,101.94
2024-12-31,13784,258.54
2024-12-31,13787,321.86
2024-12-31,13788,340.15
2024-12-31,13789,425.18
2024-12-31,13792,282.57
2024-12-31,13798,218.55
2024-12-31,13800,462.97
2024-12-31,13801,185.29
2024-12-31,13802,441.91
2024-12-31,13803,292.59
2024-12-31,13804,546.15
2024-12-31,13808,292.59
2024-12-31,13810,474.9
2024-12-31,13811,115.3
2024-12-31,13812,247.71
2024-12-31,13817,265.37
2024-12-31,13818,196.58
2024-12-31,13822,693.81
2024-12-31,13824,547.31
2024-12-31,13829,116.11
2024-12-31,13831,334.21
2024-12-31,13832,417.96
2024-12-31,13833,222.51
2024-12-31,13834,256.15
2024-12-31,13841,203.13
2024-12-31,13842,435.82
2024-12-31,13843,258.93
2024-12-31,13844,262.95
2024-12-31,13845,479.8
2024-12-31,13846,812.83
2024-12-31,13847,709.94
2024-12-31,13850,266.32
2024-12-31,13852,464.13
2024-12-31,13853,230.03
2024-12-31,13855,449.71
2024-12-31,13857,215.17
2024-12-31,13858,491.88
2024-12-31,13861,333.54
2024-12-31,13862,320.74
2024-12-31,13865,187.83
2024-12-31,13868,885.47
2024-12-31,13869,329.18
2024-12-31,13871,270.16
2024-12-31,13873,449.06
2024-12-31,13875,317.68
2024-12-31,13877,391.12
2024-12-31,13878,144.22
2024-12-31,13880,355.4
2024-12-31,13882,343.29
2024-12-31,13883,171.13
2024-12-31,13889,334.87
2024-12-31,13895,332.45
2024-12-31,13896,218.42
2024-12-31,13897,264.28
2024-12-31,13898,473.08
2024-12-31,13899,647.91
2024-12-31,13901,265.29
2024-12-31,13903,146.7
2024-12-31,13906,249.97
2024-12-31,13908,154.92
2024-12-31,13909,200.66
2024-12-31,13911,134.43
2024-12-31,13912,688.54
2024-12-31,13913,461.96
2024-12-31,13916,259.25
2024-12-31,13917,367.04
2024-12-31,13918,368.77
2024-12-31,13919,322.3
2024-12-31,13923,157.73
2024-12-31,13924,155.41
2024-12-31,13925,200.18
2024-12-31,13929,226.76
2024-12-31,13931,243.79
2024-12-31,13932,298.89
2024-12-31,13934,506.6
2024-12-31,13935,375.47
2024-12-31,13937,358.58
2024-12-31,13938,129.44
2024-12-31,13939,195.61
2024-12-31,13944,812.24
2024-12-31,13945,269.79
2024-12-31,13951,312.11
2024-12-31,13954,170.08
2024-12-31,13957,413.06
2024-12-31,13959,316.1
2024-12-31,13965,513.13
2024-12-31,13966,210.41
2024-12-31,13968,195.05
2024-12-31,13969,408.3
2024-12-31,13970,266.55
2024-12-31,13971,407.98
2024-12-31,13972,371.4
2024-12-31,13973,494.59
2024-12-31,13975,360.97
2024-12-31,13977,670.57
2024-12-31,13979,301.73
2024-12-31,13981,450.51
2024-12-31,13983,180.07
2024-12-31,13984,675.76
2024-12-31,13987,604.52
2024-12-31,13988,309.78
2024-12-31,13994,316.42
2024-12-31,13997,321.39
2024-12-31,13999,415.71
2024-12-31,14003,223.17
2024-12-31,14005,312.68
2024-12-31,14006,211.03
2024-12-31,14008,298.93
2024-12-31,14009,289.36
2024-12-31,14010,124.34
2024-12-31,14013,299.89
2024-12-31,14016,184.25
2024-12-31,14017,571.07
2024-12-31,14019,265.01
2024-12-31,14021,199.41
2024-12-31,14023,602.14
2024-12-31,14024,217.73
2024-12-31,14026,515.35
2024-12-31,14028,115.69
2024-12-31,14029,360.37
2024-12-31,14031,719.49
2024-12-31,14032,245.86
2024-12-31,14033,222.33
2024-12-31,14034,380.01
2024-12-31,14035,183.91
2024-12-31,14037,289.12
2024-12-31,14038,240.07
2024-12-31,14039,334.95
2024-12-31,14041,300.25
2024-12-31,14045,587.8
2024-12-31,14047,400.58
2024-12-31,14049,450.24
2024-12-31,14052,100.79
2024-12-31,14053,151.86
2024-12-31,14055,647.09
2024-12-31,14057,500.17
2024-12-31,14058,390.17
2024-12-31,14059,175.55
2024-12-31,14064,175.89
2024-12-31,14067,263.14
2024-12-31,14068,240.71
2024-12-31,14069,262.84
2024-12-31,14070,484.37
2024-12-31,14071,609.28
2024-12-31,14074,240.82
2024-12-31,14075,275.5
2024-12-31,14076,518.01
2024-12-31,14077,205.1
2024-12-31,14079,679.7
2024-12-31,14080,265.37
2024-12-31,14083,263.52
2024-12-31,14086,355.61
2024-12-31,14087,306.05
2024-12-31,14090,486.17
2024-12-31,14091,282.24
2024-12-31,14095,263.63
2024-12-31,14097,627.73
2024-12-31,14098,362.42
2024-12-31,14099,181.63
2024-12-31,14100,462.61
2024-12-31,14103,307
2024-12-31,14104,405.49
2024-12-31,14107,306.64
2024-12-31,14108,729.91
2024-12-31,14110,262.78
2024-12-31,14111,432.6
2024-12-31,14112,293.64
2024-12-31,14114,247.85
2024-12-31,14116,156.72
2024-12-31,14118,238.3
2024-12-31,14119,491.7
2024-12-31,14120,188.53
2024-12-31,14122,149.44
2024-12-31,14123,229.05
2024-12-31,14124,281.76
2024-12-31,14125,254.01
2024-12-31,14126,571.79
2024-12-31,14127,363.23
2024-12-31,14128,283.09
2024-12-31,14130,317.84
2024-12-31,14133,261.67
2024-12-31,14134,459.05
2024-12-31,14140,206.3
2024-12-31,14142,211.13
2024-12-31,14143,326.62
2024-12-31,14144,245.62
2024-12-31,14145,521.93
2024-12-31,14148,477.28
2024-12-31,14149,150.58
2024-12-31,14150,279.21
2024-12-31,14151,272.88
2024-12-31,14152,163.95
2024-12-31,14156,332.34
2024-12-31,14157,158.05
2024-12-31,14162,348.09
2024-12-31,14165,401.6
2024-12-31,14166,474.94
2024-12-31,14168,505.27
2024-12-31,14169,330.17
2024-12-31,14171,302.41
2024-12-31,14175,594.81
2024-12-31,14176,288.2
2024-12-31,14178,438.12
2024-12-31,14180,306.96
2024-12-31,14181,213.28
2024-12-31,14182,277.86
2024-12-31,14184,177.33
2024-12-31,14185,234.94
2024-12-31,14187,601.96
2024-12-31,14188,304.9
2024-12-31,14189,305.42
2024-12-31,14190,202.49
2024-12-31,14193,201.16
2024-12-31,14194,220.55
2024-12-31,14196,723.27
2024-12-31,14197,794.56
2024-12-31,14198,568.9
2024-12-31,14199,228.66
2024-12-31,14201,468.36
2024-12-31,14205,645.46
2024-12-31,14209,474.05
2024-12-31,14210,342.45
2024-12-31,14211,699.67
2024-12-31,14219,254.24
2024-12-31,14220,208.89
2024-12-31,14222,253.64
2024-12-31,14223,160.07
2024-12-31,14229,461.64
2024-12-31,14231,297.77
2024-12-31,14232,132.47
2024-12-31,14233,274.54
2024-12-31,14234,363.27
2024-12-31,14235,339.6
2024-12-31,14236,493.63
2024-12-31,14238,400.3
2024-12-31,14239,364.55
2024-12-31,14240,365.74
2024-12-31,14241,283.13
2024-12-31,14243,571.48
2024-12-31,14244,325.29
2024-12-31,14245,345.49
2024-12-31,14250,269.47
2024-12-31,14256,158.88
2024-12-31,14259,500.77
2024-12-31,14260,302.77
2024-12-31,14261,759.08
2024-12-31,14262,547.28
2024-12-31,14263,395.53
2024-12-31,14264,259.25
2024-12-31,14265,297.36
2024-12-31,14268,247.36
2024-12-31,14269,310.26
2024-12-31,14271,166.49
2024-12-31,14274,309.05
2024-12-31,14275,454.92
2024-12-31,14276,578.42
2024-12-31,14278,170.24
2024-12-31,14281,335.32
2024-12-31,14282,619.19
2024-12-31,14285,221.76
2024-12-31,14286,267.83
2024-12-31,14288,136.76
2024-12-31,14291,318.48
2024-12-31,14292,327.61
2024-12-31,14295,164.34
2024-12-31,14298,302.66
2024-12-31,14300,198.04
2024-12-31,14301,205.08
2024-12-31,14302,461.99
2024-12-31,14304,225.23
2024-12-31,14305,238.42
2024-12-31,14308,309.32
2024-12-31,14310,325.06
2024-12-31,14313,216.05
2024-12-31,14314,57.39
2024-12-31,14315,338.45
2024-12-31,14317,693.66
2024-12-31,14319,368.02
2024-12-31,14321,384.24
2024-12-31,14324,411.65
2024-12-31,14327,484.9
2024-12-31,14328,771.4
2024-12-31,14330,582.94
2024-12-31,14332,562.21
2024-12-31,14335,471.88
2024-12-31,14339,201.43
2024-12-31,14342,548.32
2024-12-31,14343,167.63
2024-12-31,14346,522.56
2024-12-31,14347,576.97
2024-12-31,14348,224.02
2024-12-31,14349,264.18
2024-12-31,14350,296.38
2024-12-31,14354,280.08
2024-12-31,14357,447.41
2024-12-31,14360,202.59
2024-12-31,14361,412.47
2024-12-31,14362,710.7
2024-12-31,14367,460.41
2024-12-31,14369,280.03
2024-12-31,14373,207.14
2024-12-31,14378,313.39
2024-12-31,14379,332.46
2024-12-31,14381,576.66
2024-12-31,14384,416.15
2024-12-31,14385,811.34
2024-12-31,14386,220.01
2024-12-31,14387,282.41
2024-12-31,14388,493.79
2024-12-31,14389,318.02
2024-12-31,14390,334.44
2024-12-31,14392,377.26
2024-12-31,14394,807.71
2024-12-31,14395,285.74
2024-12-31,14398,457.49
2024-12-31,14399,333.26
2024-12-31,14400,206.28
2024-12-31,14401,127.68
2024-12-31,14402,547.1
2024-12-31,14405,369.16
2024-12-31,14406,856.5
2024-12-31,14407,915.04
2024-12-31,14412,384.95
2024-12-31,14413,193.88
2024-12-31,14414,446.41
2024-12-31,14415,264.94
2024-12-31,14425,479.32
2024-12-31,14427,189.45
2024-12-31,14430,502.33
2024-12-31,14432,102.15
2024-12-31,14434,488.12
2024-12-31,14436,582.36
2024-12-31,14438,427.76
2024-12-31,14440,542.84
2024-12-31,14441,302.85
2024-12-31,14442,290.41
2024-12-31,14444,580.78
2024-12-31,14445,286.15
2024-12-31,14447,436.38
2024-12-31,14448,226.44
2024-12-31,14449,265.59
2024-12-31,14450,413.17
2024-12-31,14453,425.36
2024-12-31,14454,312.18
2024-12-31,14455,218.07
2024-12-31,14457,422.87
2024-12-31,14460,236.5
2024-12-31,14464,102.33
2024-12-31,14468,359.02
2024-12-31,14470,170.37
2024-12-31,14471,144.9
2024-12-31,14478,414.4
2024-12-31,14481,241.74
2024-12-31,14484,190.84
2024-12-31,14485,164.11
2024-12-31,14486,179.49
2024-12-31,14487,401.46
2024-12-31,14488,373.22
2024-12-31,14491,191.26
2024-12-31,14492,215.41
2024-12-31,14494,362.36
2024-12-31,14495,453.49
2024-12-31,14497,463.89
2024-12-31,14500,650.25
2024-12-31,14503,596.33
2024-12-31,14509,145.91
2024-12-31,14514,223.17
2024-12-31,14515,296.13
2024-12-31,14516,374.25
2024-12-31,14517,210.51
2024-12-31,14518,813.17
2024-12-31,14521,364.88
2024-12-31,14524,387.17
2024-12-31,14531,498.67
2024-12-31,14532,202.02
2024-12-31,14533,273.65
2024-12-31,14539,282.05
2024-12-31,14540,245.16
2024-12-31,14545,414.83
2024-12-31,14546,241.15
2024-12-31,14547,440.26
2024-12-31,14548,192.89
2024-12-31,14550,499.23
2024-12-31,14551,472.82
2024-12-31,14552,431.35
2024-12-31,14556,247.26
2024-12-31,14558,467.13
2024-12-31,14559,237.45
2024-12-31,14561,235.47
2024-12-31,14564,276.94
2024-12-31,14566,311.09
2024-12-31,14573,263.11
2024-12-31,14575,392.98
2024-12-31,14577,636.37
2024-12-31,14581,298.49
2024-12-31,14585,493.55
2024-12-31,14589,244.17
2024-12-31,14590,120.58
2024-12-31,14591,222
2024-12-31,14592,286.95
2024-12-31,14595,363.06
2024-12-31,14597,339.33
2024-12-31,14599,253.19
2024-12-31,14601,869.43
2024-12-31,14602,318.63
2024-12-31,14603,419.71
2024-12-31,14604,447.08
2024-12-31,14606,1207.55
2024-12-31,14607,361.29
2024-12-31,14610,664.64
2024-12-31,14613,340.26
2024-12-31,14615,262.58
2024-12-31,14616,467.89
2024-12-31,14622,349.85
2024-12-31,14623,476.42
2024-12-31,14628,619.02
2024-12-31,14629,512.12
2024-12-31,14630,406.79
2024-12-31,14631,544.05
2024-12-31,14634,538.16
2024-12-31,14635,587.69
2024-12-31,14636,108.47
2024-12-31,14639,297.13
2024-12-31,14642,389.39
2024-12-31,14646,253.65
2024-12-31,14648,207.32
2024-12-31,14650,337.79
2024-12-31,14651,216.54
2024-12-31,14652,518.02
2024-12-31,14653,209.67
2024-12-31,14661,587.31
2024-12-31,14662,326.32
2024-12-31,14663,513.8
2024-12-31,14666,550.61
2024-12-31,14668,782.33
2024-12-31,14670,205.38
2024-12-31,14671,436.2
2024-12-31,14672,228.02
2024-12-31,14675,194.06
2024-12-31,14678,272.9
2024-12-31,14680,360.61
2024-12-31,14683,493.38
2024-12-31,14686,759.91
2024-12-31,14687,524.88
2024-12-31,14688,356.15
2024-12-31,14691,591.7
2024-12-31,14693,275.7
2024-12-31,14695,270.32
2024-12-31,14697,499.47
2024-12-31,14698,251.41
2024-12-31,14699,422.29
2024-12-31,14700,383.14
2024-12-31,14701,518.4
2024-12-31,14703,214.46
2024-12-31,14705,301.77
2024-12-31,14709,265.74
2024-12-31,14711,192.89
2024-12-31,14713,181.8
2024-12-31,14714,345.29
2024-12-31,14715,322.91
2024-12-31,14716,144.11
2024-12-31,14717,536.29
2024-12-31,14719,491.22
2024-12-31,14724,174.85
2024-12-31,14725,457.37
2024-12-31,14726,372.39
2024-12-31,14730,273.65
2024-12-31,14732,290.14
2024-12-31,14733,243.95
2024-12-31,14734,258.89
2024-12-31,14735,217.92
2024-12-31,14737,203.54
2024-12-31,14738,364.36
2024-12-31,14739,620.83
2024-12-31,14740,296.96
2024-12-31,14742,332.35
2024-12-31,14743,628.96
2024-12-31,14747,304.65
2024-12-31,14750,190.99
2024-12-31,14751,406.95
2024-12-31,14752,189.7
2024-12-31,14754,450.31
2024-12-31,14756,191.47
2024-12-31,14759,437.02
2024-12-31,14762,453.36
2024-12-31,14766,272.53
2024-12-31,14767,773.69
2024-12-31,14768,298.46
2024-12-31,14769,361.28
2024-12-31,14771,116.42
2024-12-31,14773,432.67
2024-12-31,14778,164.72
2024-12-31,14779,347.42
2024-12-31,14780,345.13
2024-12-31,14782,288.98
2024-12-31,14783,324.84
2024-12-31,14784,162.6
2024-12-31,14787,245.09
2024-12-31,14790,202.4
2024-12-31,14791,617.13
2024-12-31,14795,403.26
2024-12-31,14797,427.72
2024-12-31,14802,454.41
2024-12-31,14805,223.86
2024-12-31,14807,668.5
2024-12-31,14808,258.41
2024-12-31,14809,189.34
2024-12-31,14817,219.59
2024-12-31,14818,392.26
2024-12-31,14823,631.09
2024-12-31,14824,643.57
2024-12-31,14825,654.74
2024-12-31,14827,428.96
2024-12-31,14828,110.96
2024-12-31,14830,316.23
2024-12-31,14834,270.44
2024-12-31,14835,113.06
2024-12-31,14836,334.83
2024-12-31,14837,245.63
2024-12-31,14838,453.08
2024-12-31,14839,161.09
2024-12-31,14842,496.13
2024-12-31,14844,180.79
2024-12-31,14845,287.78
2024-12-31,14848,395.51
2024-12-31,14849,568.75
2024-12-31,14850,167.62
2024-12-31,14851,185.97
2024-12-31,14852,212.75
2024-12-31,14854,195.21
2024-12-31,14855,157.17
2024-12-31,14857,448.47
2024-12-31,14862,362.09
2024-12-31,14863,283.86
2024-12-31,14864,162.15
2024-12-31,14865,593.76
2024-12-31,14869,492.73
2024-12-31,14870,278.31
2024-12-31,14873,570.45
2024-12-31,14874,255.99
2024-12-31,14875,152.13
2024-12-31,14879,253.71
2024-12-31,14881,422.76
2024-12-31,14883,620.06
2024-12-31,14886,278.75
2024-12-31,14891,315.47
2024-12-31,14893,500.96
2024-12-31,14896,382.26
2024-12-31,14897,495.97
2024-12-31,14899,275.93
2024-12-31,14900,231.1
2024-12-31,14901,415.34
2024-12-31,14906,131.98
2024-12-31,14907,677.14
2024-12-31,14908,657.91
2024-12-31,14909,217.22
2024-12-31,14912,764.2
2024-12-31,14917,207.75
2024-12-31,14923,305.8
2024-12-31,14925,258.24
2024-12-31,14926,419.73
2024-12-31,14927,780.69
2024-12-31,14929,571.08
2024-12-31,14931,415.2
2024-12-31,14932,664.59
2024-12-31,14936,242.21
2024-12-31,14937,346.35
2024-12-31,14938,214.48
2024-12-31,14939,312.71
2024-12-31,14942,213.07
2024-12-31,14943,204.89
2024-12-31,14944,244.76
2024-12-31,14945,301.32
2024-12-31,14946,172.27
2024-12-31,14948,402.28
2024-12-31,14949,351.73
2024-12-31,14951,231.91
2024-12-31,14953,573.96
2024-12-31,14955,664.87
2024-12-31,14956,345.98
2024-12-31,14957,414.37
2024-12-31,14959,310.92
2024-12-31,14962,326.59
2024-12-31,14963,583.54
2024-12-31,14964,282.91
2024-12-31,14967,122.17
2024-12-31,14968,342.12
2024-12-31,14970,243.42
2024-12-31,14972,180.97
2024-12-31,14973,123.66
2024-12-31,14975,381.12
2024-12-31,14978,644.69
2024-12-31,14979,175.3
2024-12-31,14980,234.34
2024-12-31,14982,395.68
2024-12-31,14985,251.75
2024-12-31,14987,306.72
2024-12-31,14993,180.89
2024-12-31,14995,107.03
2024-12-31,14998,317
2024-12-31,14999,386.48
2024-12-31,15000,406.77
2024-12-31,15003,398.39
2024-12-31,15004,185.72
2024-12-31,15006,377.98
2024-12-31,15009,247.66
2024-12-31,15016,232.78
2024-12-31,15018,518.9
2024-12-31,15020,932.3
2024-12-31,15021,213.7
2024-12-31,15023,151.47
2024-12-31,15031,346.99
2024-12-31,15036,289.76
2024-12-31,15037,273.03
2024-12-31,15038,419.8
2024-12-31,15041,294.88
2024-12-31,15044,220.73
2024-12-31,15045,295.67
2024-12-31,15047,619.47
2024-12-31,15048,665.43
2024-12-31,15049,650.66
2024-12-31,15050,264.59
2024-12-31,15052,656.31
2024-12-31,15053,180.41
2024-12-31,15055,106.04
2024-12-31,15057,161.02
2024-12-31,15058,766.86
2024-12-31,15060,312.27
2024-12-31,15064,526.04
2024-12-31,15066,170.04
2024-12-31,15070,616.45
2024-12-31,15072,290.55
2024-12-31,15073,215.28
2024-12-31,15074,235.99
2024-12-31,15077,374.25
2024-12-31,15079,398.08
2024-12-31,15082,520.03
2024-12-31,15083,131.22
2024-12-31,15084,299.18
2024-12-31,15086,249.18
2024-12-31,15087,337.26
2024-12-31,15089,148.71
2024-12-31,15090,436.43
2024-12-31,15094,240.46
2024-12-31,15095,192.45
2024-12-31,15096,280.94
2024-12-31,15097,693.44
2024-12-31,15100,479.94
2024-12-31,15101,285.18
2024-12-31,15102,260.94
2024-12-31,15103,283.11
2024-12-31,15105,206.43
2024-12-31,15106,700.68
2024-12-31,15108,582.04
2024-12-31,15109,152.23
2024-12-31,15110,335.24
2024-12-31,15111,257.21
2024-12-31,15112,446.4
2024-12-31,15113,447.55
2024-12-31,15115,589.92
2024-12-31,15116,417.22
2024-12-31,15117,732.15
2024-12-31,15120,307.96
2024-12-31,15121,120.18
2024-12-31,15122,195.94
2024-12-31,15123,467.03
2024-12-31,15125,300.41
2024-12-31,15126,365.04
2024-12-31,15128,168.17
2024-12-31,15129,310.7
2024-12-31,15130,484.17
2024-12-31,15131,347.75
2024-12-31,15133,231.37
2024-12-31,15134,307.71
2024-12-31,15136,191.39
2024-12-31,15137,266.18
2024-12-31,15138,426.11
2024-12-31,15140,296.47
2024-12-31,15142,424.05
2024-12-31,15143,670.24
2024-12-31,15145,259.99
2024-12-31,15149,837.23
2024-12-31,15150,126.7
2024-12-31,15152,798.98
2024-12-31,15154,1224.74
2024-12-31,15159,458.54
2024-12-31,15160,303.35
2024-12-31,15162,576.8
2024-12-31,15163,177.39
2024-12-31,15167,395.76
2024-12-31,15171,484.98
2024-12-31,15175,191.98
2024-12-31,15176,513.68
2024-12-31,15180,506.28
2024-12-31,15181,251.34
2024-12-31,15182,242.94
2024-12-31,15183,302.46
2024-12-31,15186,221.18
2024-12-31,15187,201.94
2024-12-31,15188,154.05
2024-12-31,15189,431.78
2024-12-31,15190,225.16
2024-12-31,15191,173.47
2024-12-31,15192,391.44
2024-12-31,15193,297.21
2024-12-31,15195,506.8
2024-12-31,15196,688.76
2024-12-31,15197,733.04
2024-12-31,15199,269.53
2024-12-31,15200,227.3
2024-12-31,15201,225.07
2024-12-31,15204,423.32
2024-12-31,15206,521.47
2024-12-31,15207,224.72
2024-12-31,15208,244.27
2024-12-31,15209,325.82
2024-12-31,15211,200.36
2024-12-31,15212,120.31
2024-12-31,15216,457.89
2024-12-31,15217,355.41
2024-12-31,15218,367.32
2024-12-31,15219,319
2024-12-31,15220,396.08
2024-12-31,15222,357.49
2024-12-31,15223,231.09
2024-12-31,15226,262.85
2024-12-31,15229,257.93
2024-12-31,15238,208.08
2024-12-31,15241,220.98
2024-12-31,15242,893.46
2024-12-31,15243,432.37
2024-12-31,15244,307.09
2024-12-31,15245,107.82
2024-12-31,15251,337.61
2024-12-31,15258,376.67
2024-12-31,15259,452.13
2024-12-31,15260,120.31
2024-12-31,15261,378.85
2024-12-31,15262,377.7
2024-12-31,15263,273.36
2024-12-31,15265,270.85
2024-12-31,15266,298.42
2024-12-31,15267,397.43
2024-12-31,15269,251.13
2024-12-31,15271,717.11
2024-12-31,15272,538.53
2024-12-31,15274,126.98
2024-12-31,15276,287.4
2024-12-31,15279,325.63
2024-12-31,15282,374.29
2024-12-31,15284,267.37
2024-12-31,15285,225.4
2024-12-31,15286,152.13
2024-12-31,15288,334.05
2024-12-31,15289,274.61
2024-12-31,15292,358.82
2024-12-31,15293,542.37
2024-12-31,15294,236.5
2024-12-31,15295,465.4
2024-12-31,15296,575.59
2024-12-31,15297,320.88
2024-12-31,15298,591.16
2024-12-31,15299,562.65
2024-12-31,15301,349.71
2024-12-31,15302,672.27
2024-12-31,15303,420.12
2024-12-31,15305,378.31
2024-12-31,15306,380.15
2024-12-31,15307,543.22
2024-12-31,15308,289.94
2024-12-31,15315,387.02
2024-12-31,15317,219.55
2024-12-31,15318,526.3
2024-12-31,15319,343.03
2024-12-31,15323,192.88
2024-12-31,15329,183.69
2024-12-31,15331,267.95
2024-12-31,15332,173.54
2024-12-31,15333,197.87
2024-12-31,15336,200.49
2024-12-31,15340,170.28
2024-12-31,15341,156.28
2024-12-31,15342,300.55
2024-12-31,15344,592.39
2024-12-31,15346,206.6
2024-12-31,15347,522.62
2024-12-31,15350,585.65
2024-12-31,15353,562.57
2024-12-31,15354,298.81
2024-12-31,15356,260.89
2024-12-31,15357,151.6
2024-12-31,15361,149.42
2024-12-31,15362,264.56
2024-12-31,15364,286.97
2024-12-31,15366,192.74
2024-12-31,15367,753.7
2024-12-31,15368,144.09
2024-12-31,15369,150.9
2024-12-31,15373,181.13
2024-12-31,15374,619.56
2024-12-31,15376,316.06
2024-12-31,15378,310.82
2024-12-31,15385,467.55
2024-12-31,15387,194.44
2024-12-31,15388,848.68
2024-12-31,15390,385.48
2024-12-31,15391,455.39
2024-12-31,15392,380.01
2024-12-31,15399,283.4
2024-12-31,15400,632.73
2024-12-31,15403,348.06
2024-12-31,15404,231.25
2024-12-31,15407,505.18
2024-12-31,15409,250.44
2024-12-31,15411,395.7
2024-12-31,15416,582.43
2024-12-31,15417,832.18
2024-12-31,15420,387.71
2024-12-31,15421,617.31
2024-12-31,15422,238.86
2024-12-31,15425,406.86
2024-12-31,15426,244.84
2024-12-31,15429,378.06
2024-12-31,15430,492.51
2024-12-31,15435,286.86
2024-12-31,15438,421.52
2024-12-31,15439,95.62
2024-12-31,15440,295.61
2024-12-31,15442,228.55
2024-12-31,15443,477.89
2024-12-31,15444,303.34
2024-12-31,15448,291.73
2024-12-31,15449,192.26
2024-12-31,15451,392.67
2024-12-31,15454,374.66
2024-12-31,15456,272.77
2024-12-31,15457,260.98
2024-12-31,15459,460
2024-12-31,15460,276.67
2024-12-31,15463,113.6
2024-12-31,15469,183.3
2024-12-31,15471,396.06
2024-12-31,15472,287.87
2024-12-31,15474,247.79
2024-12-31,15475,572.11
2024-12-31,15476,167.18
2024-12-31,15478,160.29
2024-12-31,15479,201.27
2024-12-31,15481,485.92
2024-12-31,15482,113.83
2024-12-31,15484,579.42
2024-12-31,15485,323.22
2024-12-31,15486,265.76
2024-12-31,15488,320.39
2024-12-31,15489,437.95
2024-12-31,15490,268.9
2024-12-31,15491,260.54
2024-12-31,15493,358.67
2024-12-31,15494,243.79
2024-12-31,15495,288.62
2024-12-31,15496,171.95
2024-12-31,15501,305.73
2024-12-31,15506,279.99
2024-12-31,15507,209.15
2024-12-31,15513,338.62
2024-12-31,15515,149.81
2024-12-31,15518,294.29
2024-12-31,15519,576.18
2024-12-31,15520,419.33
2024-12-31,15521,723.48
2024-12-31,15523,290.84
2024-12-31,15528,427.84
2024-12-31,15529,460.07
2024-12-31,15532,204.49
2024-12-31,15534,279.02
2024-12-31,15535,242.55
2024-12-31,15539,234.58
2024-12-31,15542,226.4
2024-12-31,15543,655.41
2024-12-31,15544,445.03
2024-12-31,15545,232.11
2024-12-31,15546,189.27
2024-12-31,15547,232.2
2024-12-31,15548,402.84
2024-12-31,15550,317.89
2024-12-31,15551,275.5
2024-12-31,15553,156.78
2024-12-31,15554,427.05
2024-12-31,15556,276.11
2024-12-31,15557,291.38
2024-12-31,15558,718.12
2024-12-31,15560,480.96
2024-12-31,15565,1034.23
2024-12-31,15566,286.56
2024-12-31,15570,277.91
2024-12-31,15571,306.69
2024-12-31,15572,179.33
2024-12-31,15573,289.54
2024-12-31,15576,265.44
2024-12-31,15578,406.43
2024-12-31,15583,266.97
2024-12-31,15584,216.9
2024-12-31,15586,271.59
2024-12-31,15588,122.21
2024-12-31,15592,411.91
2024-12-31,15594,171.71
2024-12-31,15595,179.85
2024-12-31,15596,256.47
2024-12-31,15599,235.49
2024-12-31,15600,390.62
2024-12-31,15604,463.08
2024-12-31,15606,313.19
2024-12-31,15607,265.12
2024-12-31,15608,218.05
2024-12-31,15612,119.14
2024-12-31,15616,142.99
2024-12-31,15617,171.58
2024-12-31,15621,337.28
2024-12-31,15622,383.44
2024-12-31,15623,947.05
2024-12-31,15624,259.48
2024-12-31,15625,195.64
2024-12-31,15626,255.83
2024-12-31,15627,139.13
2024-12-31,15631,168.64
2024-12-31,15633,685.25
2024-12-31,15634,530.72
2024-12-31,15635,755.77
2024-12-31,15636,298.44
2024-12-31,15637,322.31
2024-12-31,15638,316.62
2024-12-31,15643,128.82
2024-12-31,15644,199.32
2024-12-31,15645,316.05
2024-12-31,15647,124.5
2024-12-31,15651,319.48
2024-12-31,15653,292.49
2024-12-31,15654,394.37
2024-12-31,15655,306.86
2024-12-31,15656,350.26
2024-12-31,15660,1028.88
2024-12-31,15661,120.82
2024-12-31,15662,263.86
2024-12-31,15664,138.2
2024-12-31,15665,652.42
2024-12-31,15671,234.75
2024-12-31,15673,221.79
2024-12-31,15674,1090.57
2024-12-31,15675,528.93
2024-12-31,15677,621.05
2024-12-31,15678,382.6
2024-12-31,15685,602.6
2024-12-31,15687,201.74
2024-12-31,15689,282.13
2024-12-31,15690,292.74
2024-12-31,15693,228.6
2024-12-31,15697,799.18
2024-12-31,15699,247.23
2024-12-31,15701,312.98
2024-12-31,15704,352.15
2024-12-31,15707,529.7
2024-12-31,15708,343.1
2024-12-31,15709,506.33
2024-12-31,15715,443.27
2024-12-31,15718,187.89
2024-12-31,15721,276.23
2024-12-31,15725,255.56
2024-12-31,15726,362.47
2024-12-31,15727,403.21
2024-12-31,15729,249.55
2024-12-31,15734,219.47
2024-12-31,15737,495.52
2024-12-31,15738,291.6
2024-12-31,15739,222.19
2024-12-31,15742,187.31
2024-12-31,15743,425.79
2024-12-31,15749,294.31
2024-12-31,15750,304.19
2024-12-31,15751,162.54
2024-12-31,15754,239.55
2024-12-31,15756,399.47
2024-12-31,15759,661.74
2024-12-31,15762,219.71
2024-12-31,15763,348.44
2024-12-31,15764,414.65
2024-12-31,15766,291.95
2024-12-31,15768,377.42
2024-12-31,15770,161.81
2024-12-31,15772,487.02
2024-12-31,15773,286.51
2024-12-31,15775,531.63
2024-12-31,15776,312.23
2024-12-31,15777,973.91
2024-12-31,15779,254.56
2024-12-31,15781,329.89
2024-12-31,15783,355.71
2024-12-31,15794,217.64
2024-12-31,15798,562.75
2024-12-31,15802,318.83
2024-12-31,15803,190.94
2024-12-31,15804,178.2
2024-12-31,15807,380.19
2024-12-31,15808,268.8
2024-12-31,15812,412.58
2024-12-31,15814,324.6
2024-12-31,15815,335.92
2024-12-31,15818,491.52
2024-12-31,15820,876
2024-12-31,15823,565.21
2024-12-31,15824,495.99
2024-12-31,15828,302.86
2024-12-31,15829,397.39
2024-12-31,15830,230.42
2024-12-31,15835,319.02
2024-12-31,15837,211.14
2024-12-31,15839,310.92
2024-12-31,15840,106.8
2024-12-31,15841,374.01
2024-12-31,15842,437.85
2024-12-31,15844,379.38
2024-12-31,15847,235.24
2024-12-31,15848,690.21
2024-12-31,15851,390.35
2024-12-31,15854,279.16
2024-12-31,15856,354.96
2024-12-31,15860,407.82
2024-12-31,15863,379.75
2024-12-31,15867,216.06
2024-12-31,15870,280.58
2024-12-31,15871,224.13
2024-12-31,15872,468.03
2024-12-31,15875,566.05
2024-12-31,15877,199.63
2024-12-31,15879,276.08
2024-12-31,15885,204.36
2024-12-31,15887,220.18
2024-12-31,15893,209.74
2024-12-31,15895,348.87
2024-12-31,15897,369.23
2024-12-31,15901,205.55
2024-12-31,15903,281.88
2024-12-31,15905,156.77
2024-12-31,15906,105.69
2024-12-31,15908,534.4
2024-12-31,15909,214.16
2024-12-31,15910,220.55
2024-12-31,15911,297.44
2024-12-31,15912,349.63
2024-12-31,15915,697.4
2024-12-31,15916,238.86
2024-12-31,15917,192.17
2024-12-31,15925,300.51
2024-12-31,15927,391.86
2024-12-31,15930,1023.15
2024-12-31,15931,362.83
2024-12-31,15932,330.69
2024-12-31,15933,354.79
2024-12-31,15935,230.05
2024-12-31,15938,249
2024-12-31,15939,212.07
2024-12-31,15941,227.64
2024-12-31,15944,336.91
2024-12-31,15947,294.93
2024-12-31,15948,288.33
2024-12-31,15951,216.01
2024-12-31,15956,661.71
2024-12-31,15958,241.85
2024-12-31,15959,233.55
2024-12-31,15960,191.93
2024-12-31,15963,344.95
2024-12-31,15964,201.51
2024-12-31,15965,295.14
2024-12-31,15973,354.75
2024-12-31,15981,235.53
2024-12-31,15982,131.61
2024-12-31,15992,366.54
2024-12-31,15993,345.19
2024-12-31,15994,156.67
2024-12-31,15996,292.33
2024-12-31,15997,325.61
2024-12-31,15998,559.94
2024-12-31,15999,360.8
2024-12-31,16000,143.21
2024-12-31,16002,412.45
2024-12-31,16003,605.35
2024-12-31,16004,492.22
2024-12-31,16005,350.78
2024-12-31,16006,218.97
2024-12-31,16009,367.11
2024-12-31,16010,321.53
2024-12-31,16011,320.38
2024-12-31,16012,205.13
2024-12-31,16014,700.81
2024-12-31,16017,548.34
2024-12-31,16018,194.51
2024-12-31,16019,297.33
2024-12-31,16021,464.62
2024-12-31,16022,645.81
2024-12-31,16023,164.54
2024-12-31,16025,244.43
2024-12-31,16026,199.09
2024-12-31,16029,209.95
2024-12-31,16030,237.7
2024-12-31,16031,672
2024-12-31,16032,350.87
2024-12-31,16033,412.72
2024-12-31,16035,179.79
2024-12-31,16037,361.32
2024-12-31,16038,244.1
2024-12-31,16041,154.62
2024-12-31,16045,786.64
2024-12-31,16046,243.8
2024-12-31,16051,393.96
2024-12-31,16052,307.68
2024-12-31,16054,247.27
2024-12-31,16057,644.45
2024-12-31,16059,578.14
2024-12-31,16060,144.16
2024-12-31,16063,473.2
2024-12-31,16065,215.79
2024-12-31,16066,200.06
2024-12-31,16067,302.62
2024-12-31,16068,342.07
2024-12-31,16069,267.08
2024-12-31,16070,409.43
2024-12-31,16071,292.4
2024-12-31,16074,241.85
2024-12-31,16079,187.48
2024-12-31,16086,430.9
2024-12-31,16087,280.51
2024-12-31,16090,299.56
2024-12-31,16092,563.83
2024-12-31,16093,260.81
2024-12-31,16095,479.42
2024-12-31,16096,337.45
2024-12-31,16098,515.19
2024-12-31,16104,225.58
2024-12-31,16106,722.38
2024-12-31,16107,406.15
2024-12-31,16108,193.13
2024-12-31,16110,550.31
2024-12-31,16115,519.55
2024-12-31,16118,192.43
2024-12-31,16123,297.95
2024-12-31,16125,223.82
2024-12-31,16130,946.5
2024-12-31,16131,359.93
2024-12-31,16133,518.88
2024-12-31,16134,550.4
2024-12-31,16135,412.49
2024-12-31,16137,329.53
2024-12-31,16147,455.44
2024-12-31,16153,640.92
2024-12-31,16156,154.14
2024-12-31,16158,276.79
2024-12-31,16162,201.79
2024-12-31,16163,405.36
2024-12-31,16164,1310.37
2024-12-31,16165,241.82
2024-12-31,16166,491.27
2024-12-31,16167,209.26
2024-12-31,16170,171.06
2024-12-31,16176,856.86
2024-12-31,16178,427.57
2024-12-31,16180,226.55
2024-12-31,16183,222.9
2024-12-31,16186,613.88
2024-12-31,16187,537.08
2024-12-31,16190,324.79
2024-12-31,16192,208.18
2024-12-31,16194,219.6
2024-12-31,16197,463.78
2024-12-31,16198,237.11
2024-12-31,16200,268.45
2024-12-31,16202,665.88
2024-12-31,16204,473.76
2024-12-31,16205,385.61
2024-12-31,16208,291.53
2024-12-31,16210,421.09
2024-12-31,16211,155.24
2024-12-31,16212,283.03
2024-12-31,16215,394.87
2024-12-31,16223,202.46
2024-12-31,16225,259.67
2024-12-31,16226,430.79
2024-12-31,16228,583.57
2024-12-31,16229,177.38
2024-12-31,16230,393.28
2024-12-31,16232,166.28
2024-12-31,16234,176.54
2024-12-31,16235,268.52
2024-12-31,16236,439.16
2024-12-31,16237,293.7
2024-12-31,16238,360.09
2024-12-31,16243,538.52
2024-12-31,16245,343.99
2024-12-31,16246,302.27
2024-12-31,16247,453.13
2024-12-31,16250,303.22
2024-12-31,16252,608.37
2024-12-31,16253,456.55
2024-12-31,16256,644.94
2024-12-31,16258,276.59
2024-12-31,16259,404.96
2024-12-31,16260,126.58
2024-12-31,16261,297.96
2024-12-31,16276,220.52
2024-12-31,16278,276.96
2024-12-31,16279,615.56
2024-12-31,16287,163.14
2024-12-31,16288,162.51
2024-12-31,16289,394.13
2024-12-31,16290,175.91
2024-12-31,16291,506.11
2024-12-31,16293,508.83
2024-12-31,16294,508.07
2024-12-31,16296,576.34
2024-12-31,16298,278.32
2024-12-31,16300,503.99
2024-12-31,16304,412.14
2024-12-31,16305,110.15
2024-12-31,16307,432.46
2024-12-31,16310,187.56
2024-12-31,16311,156.86
2024-12-31,16313,178.86
2024-12-31,16314,337.98
2024-12-31,16316,206.71
2024-12-31,16317,279.94
2024-12-31,16318,332.09
2024-12-31,16321,456.91
2024-12-31,16323,369.21
2024-12-31,16324,402.59
2024-12-31,16325,147.55
2024-12-31,16326,444.06
2024-12-31,16331,449.05
2024-12-31,16332,227.59
2024-12-31,16334,397.2
2024-12-31,16335,185.4
2024-12-31,16337,431.59
2024-12-31,16340,347.39
2024-12-31,16341,281.77
2024-12-31,16342,294.12
2024-12-31,16343,199.62
2024-12-31,16344,238.17
2024-12-31,16345,370.26
2024-12-31,16347,413.15
2024-12-31,16350,247.56
2024-12-31,16352,281.26
2024-12-31,16353,224.73
2024-12-31,16354,479.3
2024-12-31,16355,355.69
2024-12-31,16358,345.88
2024-12-31,16361,264.03
2024-12-31,16362,228.35
2024-12-31,16366,304.89
2024-12-31,16371,417.95
2024-12-31,16372,156.34
2024-12-31,16376,690.28
2024-12-31,16377,364.41
2024-12-31,16378,222.19
2024-12-31,16379,142.82
2024-12-31,16380,168.65
2024-12-31,16381,393.76
2024-12-31,16383,246.31
2024-12-31,16384,232.77
2024-12-31,16385,315.06
2024-12-31,16386,142.89
2024-12-31,16387,280.67
2024-12-31,16389,403.05
2024-12-31,16390,482.03
2024-12-31,16396,556.27
2024-12-31,16397,238.05
2024-12-31,16398,322.22
2024-12-31,16399,290.43
2024-12-31,16400,176.62
2024-12-31,16401,185.82
2024-12-31,16402,216.5
2024-12-31,16405,241.58
2024-12-31,16406,356.92
2024-12-31,16408,299.82
2024-12-31,16409,573.53
2024-12-31,16412,317.45
2024-12-31,16416,492.24
2024-12-31,16417,261.15
2024-12-31,16418,690.69
2024-12-31,16421,379.74
2024-12-31,16422,285.52
2024-12-31,16423,224.19
2024-12-31,16427,790.02
2024-12-31,16428,564.99
2024-12-31,16429,404.28
2024-12-31,16432,374.07
2024-12-31,16433,200.37
2024-12-31,16439,149.53
2024-12-31,16440,165.1
2024-12-31,16454,340.85
2024-12-31,16455,827.51
2024-12-31,16457,387.69
2024-12-31,16458,309.97
2024-12-31,16460,203.95
2024-12-31,16461,749.73
2024-12-31,16463,161.68
2024-12-31,16468,303.99
2024-12-31,16471,452.13
2024-12-31,16472,203.95
2024-12-31,16475,745.24
2024-12-31,16476,539.59
2024-12-31,16477,601.17
2024-12-31,16478,676.83
2024-12-31,16479,227.5
2024-12-31,16480,167.58
2024-12-31,16483,247.97
2024-12-31,16484,193.27
2024-12-31,16486,682.99
2024-12-31,16488,254.85
2024-12-31,16491,265.79
2024-12-31,16494,176.63
2024-12-31,16496,310.66
2024-12-31,16497,377.86
2024-12-31,16498,282.9
2024-12-31,16502,464.45
2024-12-31,16507,328.69
2024-12-31,16508,418.77
2024-12-31,16509,194.88
2024-12-31,16510,269.43
2024-12-31,16511,450.69
2024-12-31,16517,275.64
2024-12-31,16518,398.72
2024-12-31,16520,255.08
2024-12-31,16521,415.12
2024-12-31,16523,104.99
2024-12-31,16524,252.59
2024-12-31,16525,490.77
2024-12-31,16526,450.51
2024-12-31,16527,278.97
2024-12-31,16530,221.96
2024-12-31,16531,346.31
2024-12-31,16535,407.35
2024-12-31,16536,156.9
2024-12-31,16539,369
2024-12-31,16542,221.12
2024-12-31,16543,255.7
2024-12-31,16545,591.61
2024-12-31,16550,170.65
2024-12-31,16552,342.1
2024-12-31,16554,525.18
2024-12-31,16555,607.11
2024-12-31,16559,285.15
2024-12-31,16564,153.67
2024-12-31,16565,364.13
2024-12-31,16567,234.99
2024-12-31,16570,139.47
2024-12-31,16572,292.68
2024-12-31,16574,230.03
2024-12-31,16575,176.09
2024-12-31,16576,195.91
2024-12-31,16577,265.18
2024-12-31,16578,401.6
2024-12-31,16581,323.37
2024-12-31,16583,702.31
2024-12-31,16587,240.92
2024-12-31,16588,240.38
2024-12-31,16590,580.55
2024-12-31,16592,483.89
2024-12-31,16597,146.86
2024-12-31,16601,167.34
2024-12-31,16603,163.4
2024-12-31,16604,410.26
2024-12-31,16605,206.92
2024-12-31,16606,282.21
2024-12-31,16607,104.21
2024-12-31,16608,348.36
2024-12-31,16613,319.32
2024-12-31,16614,239.63
2024-12-31,16615,274.84
2024-12-31,16616,541.09
2024-12-31,16617,581.28
2024-12-31,16618,149.69
2024-12-31,16620,376.43
2024-12-31,16621,525.99
2024-12-31,16623,167.4
2024-12-31,16625,246.46
2024-12-31,16627,211.75
2024-12-31,16630,650.83
2024-12-31,16631,436.65
2024-12-31,16632,182.45
2024-12-31,16634,259.62
2024-12-31,16636,270.06
2024-12-31,16637,533.34
2024-12-31,16640,661.91
2024-12-31,16641,381.89
2024-12-31,16647,184.52
2024-12-31,16649,279.8
2024-12-31,16650,274.33
2024-12-31,16651,276.29
2024-12-31,16655,198.06
2024-12-31,16657,237.24
2024-12-31,16658,465.3
2024-12-31,16662,308.77
2024-12-31,16663,579.45
2024-12-31,16668,328.65
2024-12-31,16670,184.11
2024-12-31,16671,292.03
2024-12-31,16672,236.79
2024-12-31,16673,203.26
2024-12-31,16684,432.97
2024-12-31,16686,338.99
2024-12-31,16687,431.17
2024-12-31,16688,302.19
2024-12-31,16689,690.06
2024-12-31,16694,239.29
2024-12-31,16695,455.72
2024-12-31,16697,282.14
2024-12-31,16699,624.63
2024-12-31,16700,304.51
2024-12-31,16702,216.5
2024-12-31,16704,206.85
2024-12-31,16705,1198.57
2024-12-31,16706,384
2024-12-31,16707,502.03
2024-12-31,16709,359.42
2024-12-31,16712,235.6
2024-12-31,16714,628.6
2024-12-31,16715,688.86
2024-12-31,16716,244.03
2024-12-31,16717,707.13
2024-12-31,16718,296.65
2024-12-31,16721,491.2
2024-12-31,16722,688.66
2024-12-31,16729,280.68
2024-12-31,16730,385.76
2024-12-31,16731,222.62
2024-12-31,16733,570
2024-12-31,16738,179.9
2024-12-31,16741,244.1
2024-12-31,16742,260
2024-12-31,16744,293.1
2024-12-31,16747,348.91
2024-12-31,16748,324.36
2024-12-31,16751,691.51
2024-12-31,16753,150.23
2024-12-31,16755,157.16
2024-12-31,16757,118.13
2024-12-31,16759,558.71
2024-12-31,16761,272.74
2024-12-31,16763,543.14
2024-12-31,16764,294.37
2024-12-31,16765,339.01
2024-12-31,16766,362.12
2024-12-31,16767,437
2024-12-31,16768,196.6
2024-12-31,16770,445.41
2024-12-31,16771,268.32
2024-12-31,16776,578.78
2024-12-31,16779,233.24
2024-12-31,16787,581.87
2024-12-31,16788,243.08
2024-12-31,16789,212.31
2024-12-31,16790,431.95
2024-12-31,16796,424.01
2024-12-31,16801,466.64
2024-12-31,16803,212.85
2024-12-31,16807,493.02
2024-12-31,16810,290.68
2024-12-31,16811,254.3
2024-12-31,16812,494.82
2024-12-31,16813,509.94
2024-12-31,16815,352.28
2024-12-31,16817,334.56
2024-12-31,16821,428.13
2024-12-31,16822,146.92
2024-12-31,16823,346.71
2024-12-31,16825,320.56
2024-12-31,16826,146.39
2024-12-31,16828,159.71
2024-12-31,16829,118.38
2024-12-31,16830,300.16
2024-12-31,16831,449.75
2024-12-31,16833,354.28
2024-12-31,16835,289.94
2024-12-31,16838,347.4
2024-12-31,16839,684.66
2024-12-31,16842,257.62
2024-12-31,16847,311.95
2024-12-31,16848,369.34
2024-12-31,16849,228.41
2024-12-31,16850,380.43
2024-12-31,16853,251.75
2024-12-31,16855,341.05
2024-12-31,16856,225.05
2024-12-31,16858,376.36
2024-12-31,16859,390.79
2024-12-31,16860,680.18
2024-12-31,16861,245.98
2024-12-31,16862,143.62
2024-12-31,16863,189.06
2024-12-31,16866,102.6
2024-12-31,16867,424.69
2024-12-31,16868,267.53
2024-12-31,16870,244.72
2024-12-31,16873,790.89
2024-12-31,16876,380.47
2024-12-31,16879,426.09
2024-12-31,16880,414.64
2024-12-31,16883,459.2
2024-12-31,16885,193.63
2024-12-31,16888,235.89
2024-12-31,16890,1098.67
2024-12-31,16891,181.79
2024-12-31,16892,299.59
2024-12-31,16896,239.69
2024-12-31,16898,862.94
2024-12-31,16901,185.82
2024-12-31,16902,161.02
2024-12-31,16903,276.57
2024-12-31,16908,669.29
2024-12-31,16910,470.09
2024-12-31,16912,479.21
2024-12-31,16913,495.41
2024-12-31,16917,310.03
2024-12-31,16919,225.46
2024-12-31,16920,196.49
2024-12-31,16921,127.53
2024-12-31,16928,406.34
2024-12-31,16929,330.23
2024-12-31,16931,285.41
2024-12-31,16932,410.42
2024-12-31,16934,210.45
2024-12-31,16935,448.92
2024-12-31,16937,405.95
2024-12-31,16939,321.19
2024-12-31,16940,354.39
2024-12-31,16941,189.83
2024-12-31,16943,212.27
2024-12-31,16945,388.11
2024-12-31,16947,116.73
2024-12-31,16948,236.18
2024-12-31,16949,199
2024-12-31,16950,498.59
2024-12-31,16951,332.59
2024-12-31,16954,243.78
2024-12-31,16956,489.67
2024-12-31,16957,204.51
2024-12-31,16958,192.01
2024-12-31,16961,397.74
2024-12-31,16964,334.18
2024-12-31,16966,278.46
2024-12-31,16968,328.86
2024-12-31,16972,512.1
2024-12-31,16974,372.15
2024-12-31,16975,506.56
2024-12-31,16979,249.1
2024-12-31,16980,537.52
2024-12-31,16981,392.88
2024-12-31,16988,287.8
2024-12-31,16990,150.47
2024-12-31,16991,280.63
2024-12-31,16992,288.58
2024-12-31,16994,494.23
2024-12-31,16996,291.71
2024-12-31,16999,299.12
2024-12-31,17000,424.84
2024-12-31,17001,269.97
2024-12-31,17003,145.49
2024-12-31,17004,315.18
2024-12-31,17007,427.73
2024-12-31,17013,210.61
2024-12-31,17014,321.35
2024-12-31,17019,209.93
2024-12-31,17023,449.93
2024-12-31,17024,303.99
2024-12-31,17027,293.97
2024-12-31,17028,399.75
2024-12-31,17029,137.89
2024-12-31,17030,439.87
2024-12-31,17031,489.3
2024-12-31,17032,525.78
2024-12-31,17033,204.41
2024-12-31,17034,802.88
2024-12-31,17035,203.17
2024-12-31,17036,519.93
2024-12-31,17038,425.37
2024-12-31,17039,258.35
2024-12-31,17040,583.78
2024-12-31,17041,303.04
2024-12-31,17042,394.85
2024-12-31,17047,408.67
2024-12-31,17050,528.78
2024-12-31,17052,206.92
2024-12-31,17057,351.08
2024-12-31,17059,764.39
2024-12-31,17061,532.92
2024-12-31,17073,338.25
2024-12-31,17075,604.15
2024-12-31,17077,564.95
2024-12-31,17078,333.36
2024-12-31,17079,406.64
2024-12-31,17081,260.44
2024-12-31,17082,110.45
2024-12-31,17083,927.88
2024-12-31,17084,472.01
2024-12-31,17085,403.22
2024-12-31,17087,172.06
2024-12-31,17091,217.27
2024-12-31,17095,561.79
2024-12-31,17096,247.16
2024-12-31,17098,170.68
2024-12-31,17100,553.01
2024-12-31,17101,144.63
2024-12-31,17102,195.13
2024-12-31,17103,504.73
2024-12-31,17105,339.88
2024-12-31,17107,193.63
2024-12-31,17110,303.16
2024-12-31,17111,300.93
2024-12-31,17117,322.97
2024-12-31,17121,498.65
2024-12-31,17123,477.83
2024-12-31,17124,251.8
2024-12-31,17127,502.33
2024-12-31,17128,462.7
2024-12-31,17131,446.28
2024-12-31,17135,265.07
2024-12-31,17136,491.34
2024-12-31,17137,201.02
2024-12-31,17138,303.18
2024-12-31,17144,291.2
2024-12-31,17147,404.43
2024-12-31,17150,143.32
2024-12-31,17152,170.37
2024-12-31,17153,348.33
2024-12-31,17154,701.26
2024-12-31,17160,268.21
2024-12-31,17162,465.8
2024-12-31,17163,341.03
2024-12-31,17168,409.62
2024-12-31,17170,163.77
2024-12-31,17171,237.97
2024-12-31,17173,252.99
2024-12-31,17174,356.67
2024-12-31,17175,658.49
2024-12-31,17176,266.57
2024-12-31,17177,631.6
2024-12-31,17179,274.63
2024-12-31,17180,229.16
2024-12-31,17183,191.94
2024-12-31,17184,205.29
2024-12-31,17186,469.63
2024-12-31,17187,431.72
2024-12-31,17190,630.26
2024-12-31,17191,387.62
2024-12-31,17193,232.66
2024-12-31,17197,192.74
2024-12-31,17198,390.6
2024-12-31,17199,181.3
2024-12-31,17200,345.14
2024-12-31,17205,322.03
2024-12-31,17206,236.96
2024-12-31,17207,273.69
2024-12-31,17209,363.45
2024-12-31,17212,207.84
2024-12-31,17214,178.19
2024-12-31,17215,338.79
2024-12-31,17220,252.18
2024-12-31,17222,821.61
2024-12-31,17223,148.41
2024-12-31,17224,258.4
2024-12-31,17226,252.93
2024-12-31,17229,275.47
2024-12-31,17231,183.97
2024-12-31,17232,319.88
2024-12-31,17234,250.48
2024-12-31,17235,309.84
2024-12-31,17236,178.46
2024-12-31,17239,505.05
2024-12-31,17241,210.92
2024-12-31,17242,241.76
2024-12-31,17243,306.69
2024-12-31,17246,215.56
2024-12-31,17247,262.28
2024-12-31,17251,317.39
2024-12-31,17252,258.85
2024-12-31,17253,320.2
2024-12-31,17255,460.24
2024-12-31,17257,503.08
2024-12-31,17258,231.55
2024-12-31,17263,510.24
2024-12-31,17266,235.09
2024-12-31,17268,624.72
2024-12-31,17270,446.79
2024-12-31,17272,525.49
2024-12-31,17275,332.8
2024-12-31,17278,282.25
2024-12-31,17280,170.56
2024-12-31,17283,472.59
2024-12-31,17284,206.09
2024-12-31,17286,303.07
2024-12-31,17289,791.16
2024-12-31,17294,244.83
2024-12-31,17295,171.96
2024-12-31,17297,386.88
2024-12-31,17299,302.69
2024-12-31,17301,189.91
2024-12-31,17307,313.68
2024-12-31,17310,378.69
2024-12-31,17311,485.24
2024-12-31,17313,128
2024-12-31,17314,224
2024-12-31,17321,462.81
2024-12-31,17324,277.2
2024-12-31,17326,321.18
2024-12-31,17328,551.15
2024-12-31,17330,156.46
2024-12-31,17332,274.57
2024-12-31,17335,388.38
2024-12-31,17338,304.43
2024-12-31,17339,457.94
2024-12-31,17340,353.96
2024-12-31,17341,504.57
2024-12-31,17342,318.02
2024-12-31,17345,280.45
2024-12-31,17346,428.9
2024-12-31,17347,370.42
2024-12-31,17351,372.49
2024-12-31,17353,482.27
2024-12-31,17355,144.66
2024-12-31,17356,140.66
2024-12-31,17357,221.73
2024-12-31,17358,396.65
2024-12-31,17359,161.75
2024-12-31,17360,538.09
2024-12-31,17361,343.65
2024-12-31,17362,721.5
2024-12-31,17363,742.56
2024-12-31,17365,507.61
2024-12-31,17371,107.77
2024-12-31,17373,262.05
2024-12-31,17378,285.98
2024-12-31,17379,558.77
2024-12-31,17380,638.3
2024-12-31,17381,312.31
2024-12-31,17383,236.5
2024-12-31,17386,301.87
2024-12-31,17390,253.01
2024-12-31,17393,195.39
2024-12-31,17395,250.21
2024-12-31,17396,484.03
2024-12-31,17397,494.19
2024-12-31,17398,248.28
2024-12-31,17399,270.55
2024-12-31,17401,210.88
2024-12-31,17402,253.86
2024-12-31,17403,581.04
2024-12-31,17404,211.93
2024-12-31,17408,258.45
2024-12-31,17409,729.84
2024-12-31,17410,237.71
2024-12-31,17411,442.05
2024-12-31,17414,246.29
2024-12-31,17416,282.95
2024-12-31,17418,217.02
2024-12-31,17419,303.9
2024-12-31,17420,269.23
2024-12-31,17421,308.98
2024-12-31,17422,491.12
2024-12-31,17423,398.56
2024-12-31,17425,169.57
2024-12-31,17427,180.02
2024-12-31,17428,214.28
2024-12-31,17429,342.42
2024-12-31,17434,322.78
2024-12-31,17436,291.75
2024-12-31,17437,252.41
2024-12-31,17442,327.67
2024-12-31,17443,189.93
2024-12-31,17444,600.36
2024-12-31,17446,156.54
2024-12-31,17447,245.03
2024-12-31,17448,437.5
2024-12-31,17449,414.71
2024-12-31,17451,369.12
2024-12-31,17452,409.24
2024-12-31,17453,509.48
2024-12-31,17454,635.73
2024-12-31,17461,279.76
2024-12-31,17462,161.08
2024-12-31,17470,322.11
2024-12-31,17472,266.92
2024-12-31,17473,449.89
2024-12-31,17474,668.92
2024-12-31,17475,392.18
2024-12-31,17477,196.68
2024-12-31,17478,416.84
2024-12-31,17481,692.78
2024-12-31,17482,209.81
2024-12-31,17483,292.54
2024-12-31,17486,832.61
2024-12-31,17490,281.3
2024-12-31,17491,160.96
2024-12-31,17492,648.56
2024-12-31,17495,276.81
2024-12-31,17496,358.34
2024-12-31,17498,136.24
2024-12-31,17499,193.06
2024-12-31,17502,339.45
2024-12-31,17503,585.89
2024-12-31,17507,350.9
2024-12-31,17510,285.59
2024-12-31,17512,148.92
2024-12-31,17514,254.85
2024-12-31,17517,402.55
2024-12-31,17518,356.71
2024-12-31,17519,352.74
2024-12-31,17520,329.21
2024-12-31,17521,311.89
2024-12-31,17522,338.66
2024-12-31,17528,300.99
2024-12-31,17529,221.6
2024-12-31,17530,315.83
2024-12-31,17534,170.27
2024-12-31,17535,216.35
2024-12-31,17538,276.45
2024-12-31,17540,841.87
2024-12-31,17541,617.36
2024-12-31,17544,195.09
2024-12-31,17545,226.82
2024-12-31,17546,486.09
2024-12-31,17548,463.21
2024-12-31,17551,301.83
2024-12-31,17552,199.14
2024-12-31,17554,125.41
2024-12-31,17557,618.08
2024-12-31,17560,332.33
2024-12-31,17561,305.94
2024-12-31,17563,232.12
2024-12-31,17566,227.27
2024-12-31,17569,255.33
2024-12-31,17570,640.66
2024-12-31,17572,187.35
2024-12-31,17573,248.93
2024-12-31,17574,334.43
2024-12-31,17576,195.12
2024-12-31,17578,250.8
2024-12-31,17580,250.79
2024-12-31,17581,564.15
2024-12-31,17583,252.63
2024-12-31,17584,340.51
2024-12-31,17585,426.48
2024-12-31,17586,187.16
2024-12-31,17587,381.46
2024-12-31,17591,364.73
2024-12-31,17594,391.67
2024-12-31,17596,208.75
2024-12-31,17598,270
2024-12-31,17600,384
2024-12-31,17604,325.3
2024-12-31,17605,282.17
2024-12-31,17607,307.94
2024-12-31,17608,406.3
2024-12-31,17609,180.62
2024-12-31,17610,197.27
2024-12-31,17611,562.89
2024-12-31,17613,306.5
2024-12-31,17615,298.87
2024-12-31,17617,264.62
2024-12-31,17620,597.58
2024-12-31,17621,183.38
2024-12-31,17625,237.01
2024-12-31,17627,338.48
2024-12-31,17628,399.69
2024-12-31,17629,196.83
2024-12-31,17630,350.47
2024-12-31,17632,126.52
2024-12-31,17634,331.2
2024-12-31,17636,346.98
2024-12-31,17638,207.55
2024-12-31,17639,210.46
2024-12-31,17640,217.56
2024-12-31,17641,275.98
2024-12-31,17646,277.21
2024-12-31,17647,208.86
2024-12-31,17648,198.06
2024-12-31,17649,427.5
2024-12-31,17652,256.04
2024-12-31,17654,209.19
2024-12-31,17655,322.07
2024-12-31,17656,230.17
2024-12-31,17664,271.28
2024-12-31,17666,127.78
2024-12-31,17667,780.21
2024-12-31,17668,510.67
2024-12-31,17670,274.33
2024-12-31,17671,362.06
2024-12-31,17673,237.74
2024-12-31,17677,385.58
2024-12-31,17678,262.22
2024-12-31,17680,657.18
2024-12-31,17682,290.57
2024-12-31,17685,367.43
2024-12-31,17687,323.62
2024-12-31,17693,368.97
2024-12-31,17696,164.07
2024-12-31,17697,208.95
2024-12-31,17698,272.61
2024-12-31,17702,362.05
2024-12-31,17705,505.29
2024-12-31,17709,408.62
2024-12-31,17711,473.42
2024-12-31,17713,239.66
2024-12-31,17717,395.86
2024-12-31,17720,274.63
2024-12-31,17721,251.11
2024-12-31,17723,222.25
2024-12-31,17724,206.28
2024-12-31,17725,767.08
2024-12-31,17727,418.18
2024-12-31,17731,128.18
2024-12-31,17736,283.27
2024-12-31,17737,392.64
2024-12-31,17738,564.54
2024-12-31,17739,287.19
2024-12-31,17741,371.24
2024-12-31,17744,409.87
2024-12-31,17745,391.97
2024-12-31,17749,486.37
2024-12-31,17751,472.26
2024-12-31,17752,421.33
2024-12-31,17753,331.04
2024-12-31,17754,452.8
2024-12-31,17756,484.43
2024-12-31,17757,182.33
2024-12-31,17758,436.17
2024-12-31,17763,130.9
2024-12-31,17767,347.45
2024-12-31,17768,409.43
2024-12-31,17770,215.88
2024-12-31,17772,167.81
2024-12-31,17775,205.63
2024-12-31,17776,151.71
2024-12-31,17777,243.07
2024-12-31,17778,172.23
2024-12-31,17781,316.4
2024-12-31,17783,265.91
2024-12-31,17784,441.2
2024-12-31,17785,443.78
2024-12-31,17787,209.44
2024-12-31,17789,377.32
2024-12-31,17790,214.75
2024-12-31,17791,389.02
2024-12-31,17792,262.41
2024-12-31,17794,269.71
2024-12-31,17795,440.05
2024-12-31,17798,521.11
2024-12-31,17801,326.18
2024-12-31,17803,246.41
2024-12-31,17804,198.11
2024-12-31,17805,294.29
2024-12-31,17806,128.68
2024-12-31,17807,402.57
2024-12-31,17810,260.96
2024-12-31,17814,497.99
2024-12-31,17819,232.66
2024-12-31,17822,311.38
2024-12-31,17823,173.63
2024-12-31,17825,243.17
2024-12-31,17829,413.25
2024-12-31,17832,304.35
2024-12-31,17834,235.07
2024-12-31,17837,254.71
2024-12-31,17838,499.92
2024-12-31,17839,205.39
2024-12-31,17842,371.65
2024-12-31,17843,473.27
2024-12-31,17844,455.23
2024-12-31,17846,497.71
2024-12-31,17847,628.76
2024-12-31,17848,412.08
2024-12-31,17849,197.89
2024-12-31,17854,311.24
2024-12-31,17858,245.34
2024-12-31,17859,319.62
2024-12-31,17860,477.44
2024-12-31,17861,329.29
2024-12-31,17862,188.85
2024-12-31,17863,718.71
2024-12-31,17864,768.58
2024-12-31,17865,160.97
2024-12-31,17873,892.95
2024-12-31,17874,191.47
2024-12-31,17875,611.52
2024-12-31,17877,299.85
2024-12-31,17878,209.22
2024-12-31,17881,252.11
2024-12-31,17882,185.48
2024-12-31,17884,395.88
2024-12-31,17886,248.02
2024-12-31,17888,634.47
2024-12-31,17891,143.19
2024-12-31,17893,310.27
2024-12-31,17894,614.92
2024-12-31,17896,179.44
2024-12-31,17897,321.67
2024-12-31,17900,345.21
2024-12-31,17901,227.25
2024-12-31,17903,217.11
2024-12-31,17905,291.77
2024-12-31,17908,232.77
2024-12-31,17910,266.73
2024-12-31,17914,400.09
2024-12-31,17915,243.02
2024-12-31,17916,457.9
2024-12-31,17921,544.61
2024-12-31,17922,743.02
2024-12-31,17925,483.17
2024-12-31,17928,209.81
2024-12-31,17929,702.2
2024-12-31,17931,280.06
2024-12-31,17932,217
2024-12-31,17934,426.22
2024-12-31,17935,350.03
2024-12-31,17936,243.14
2024-12-31,17937,302.4
2024-12-31,17940,369.41
2024-12-31,17942,371.8
2024-12-31,17948,548.55
2024-12-31,17951,354.99
2024-12-31,17952,439.54
2024-12-31,17956,305.57
2024-12-31,17958,149.49
2024-12-31,17959,512.87
2024-12-31,17960,146.71
2024-12-31,17961,306.04
2024-12-31,17962,519.32
2024-12-31,17963,411.31
2024-12-31,17967,407.58
2024-12-31,17968,380.44
2024-12-31,17969,472.19
2024-12-31,17972,280.82
2024-12-31,17975,458.82
2024-12-31,17976,144.39
2024-12-31,17978,145.48
2024-12-31,17979,328.72
2024-12-31,17981,560.91
2024-12-31,17982,197.44
2024-12-31,17983,185.06
2024-12-31,17988,219.73
2024-12-31,17989,146.25
2024-12-31,17990,506.87
2024-12-31,17992,313.52
2024-12-31,17993,482.97
2024-12-31,17994,238.57
2024-12-31,17995,191.69
2024-12-31,17996,261.23
2024-12-31,18001,1083.06
2024-12-31,18005,263.19
2024-12-31,18006,676.41
2024-12-31,18007,339.97
2024-12-31,18009,193.61
2024-12-31,18010,364.46
2024-12-31,18011,271.99
2024-12-31,18012,237.99
2024-12-31,18017,151.58
2024-12-31,18018,185
2024-12-31,18020,581.19
2024-12-31,18022,91.25
2024-12-31,18023,536.23
2024-12-31,18024,338.71
2024-12-31,18025,223.86
2024-12-31,18026,487.24
2024-12-31,18027,133.72
2024-12-31,18028,421.12
2024-12-31,18031,284.14
2024-12-31,18032,201.63
2024-12-31,18034,455.62
2024-12-31,18035,257.38
2024-12-31,18036,253.12
2024-12-31,18038,293.64
2024-12-31,18041,214.32
2024-12-31,18044,308.42
2024-12-31,18046,596.32
2024-12-31,18049,358.09
2024-12-31,18051,319.12
2024-12-31,18052,395.41
2024-12-31,18059,139.39
2024-12-31,18060,169.23
2024-12-31,18061,406.59
2024-12-31,18062,214.59
2024-12-31,18065,689.9
2024-12-31,18066,448.49
2024-12-31,18067,210.76
2024-12-31,18069,488.25
2024-12-31,18070,328.93
2024-12-31,18071,833.67
2024-12-31,18072,429.62
2024-12-31,18075,450.37
2024-12-31,18076,239.72
2024-12-31,18078,258.61
2024-12-31,18080,277.3
2024-12-31,18081,335.41
2024-12-31,18082,671.4
2024-12-31,18083,253.63
2024-12-31,18084,421.14
2024-12-31,18086,456.94
2024-12-31,18087,251.76
2024-12-31,18091,455.9
2024-12-31,18095,445.63
2024-12-31,18098,221.58
2024-12-31,18099,251.59
2024-12-31,18102,337.16
2024-12-31,18103,317.16
2024-12-31,18104,333.26
2024-12-31,18106,165.99
2024-12-31,18107,879.96
2024-12-31,18110,504.3
2024-12-31,18113,486.82
2024-12-31,18119,249.03
2024-12-31,18120,166.66
2024-12-31,18125,188.8
2024-12-31,18130,286.41
2024-12-31,18131,486.65
2024-12-31,18134,429.41
2024-12-31,18138,287.7
2024-12-31,18139,195.59
2024-12-31,18142,284.51
2024-12-31,18144,182.47
2024-12-31,18148,519.85
2024-12-31,18151,309.66
2024-12-31,18157,245.49
2024-12-31,18160,202.05
2024-12-31,18161,237.1
2024-12-31,18162,242.65
2024-12-31,18163,249.25
2024-12-31,18164,152.33
2024-12-31,18165,271.26
2024-12-31,18169,963.67
2024-12-31,18170,149.36
2024-12-31,18172,287
2024-12-31,18173,448.8
2024-12-31,18175,279.63
2024-12-31,18180,294.02
2024-12-31,18181,178.02
2024-12-31,18182,411.93
2024-12-31,18184,397.46
2024-12-31,18185,344.29
2024-12-31,18186,159.42
2024-12-31,18187,336.75
2024-12-31,18189,449.89
2024-12-31,18194,300.3
2024-12-31,18199,211.12
2024-12-31,18201,217.33
2024-12-31,18207,436.35
2024-12-31,18208,235.66
2024-12-31,18210,276.56
2024-12-31,18214,418.93
2024-12-31,18216,134.03
2024-12-31,18219,585.89
2024-12-31,18220,582.14
2024-12-31,18224,275.04
2024-12-31,18225,255.29
2024-12-31,18226,615.46
2024-12-31,18227,320.77
2024-12-31,18229,397.09
2024-12-31,18233,466.7
2024-12-31,18238,286.36
2024-12-31,18239,297.16
2024-12-31,18249,217.64
2024-12-31,18250,429.22
2024-12-31,18251,419.59
2024-12-31,18254,364.54
2024-12-31,18255,181.88
2024-12-31,18258,575.13
2024-12-31,18259,102.99
2024-12-31,18265,460.75
2024-12-31,18267,436.64
2024-12-31,18269,189.99
2024-12-31,18270,342.29
2024-12-31,18271,244.22
2024-12-31,18272,257.67
2024-12-31,18273,301.03
2024-12-31,18274,209.26
2024-12-31,18276,248.92
2024-12-31,18278,257.22
2024-12-31,18279,261.24
2024-12-31,18283,289.92
2024-12-31,18288,342.26
2024-12-31,18289,484.84
2024-12-31,18291,273.97
2024-12-31,18292,432.24
2024-12-31,18298,221.14
2024-12-31,18300,280.99
2024-12-31,18305,331.72
2024-12-31,18307,226.5
2024-12-31,18308,261.88
2024-12-31,18310,224.41
2024-12-31,18311,163.3
2024-12-31,18313,130.08
2024-12-31,18314,357.24
2024-12-31,18315,386.55
2024-12-31,18316,261.28
2024-12-31,18320,317.52
2024-12-31,18322,240.73
2024-12-31,18327,218.99
2024-12-31,18328,696.37
2024-12-31,18329,324.91
2024-12-31,18332,313.63
2024-12-31,18333,185.28
2024-12-31,18339,243.1
2024-12-31,18342,440.93
2024-12-31,18345,245.18
2024-12-31,18346,150.78
2024-12-31,18351,351.1
2024-12-31,18354,364.47
2024-12-31,18355,286.6
2024-12-31,18361,338.8
2024-12-31,18363,292.18
2024-12-31,18364,912.04
2024-12-31,18365,332.89
2024-12-31,18368,210.36
2024-12-31,18370,312.08
2024-12-31,18371,442.3
2024-12-31,18377,153.63
2024-12-31,18378,720.86
2024-12-31,18380,200.02
2024-12-31,18381,246.77
2024-12-31,18384,456.19
2024-12-31,18385,343.48
2024-12-31,18388,283.73
2024-12-31,18392,471.14
2024-12-31,18393,310.72
2024-12-31,18394,199.78
2024-12-31,18395,192.02
2024-12-31,18397,241.95
2024-12-31,18401,413.22
2024-12-31,18404,349.84
2024-12-31,18405,212.33
2024-12-31,18407,450.55
2024-12-31,18408,188.84
2024-12-31,18409,246.35
2024-12-31,18410,285.97
2024-12-31,18418,640.13
2024-12-31,18419,472.58
2024-12-31,18422,293.55
2024-12-31,18425,420.84
2024-12-31,18427,180.13
2024-12-31,18428,529.59
2024-12-31,18429,767.57
2024-12-31,18430,352.99
2024-12-31,18431,503.29
2024-12-31,18432,805.68
2024-12-31,18433,328.89
2024-12-31,18434,368.38
2024-12-31,18435,519.01
2024-12-31,18437,443.77
2024-12-31,18439,513.24
2024-12-31,18443,331.58
2024-12-31,18444,128.47
2024-12-31,18445,232.75
2024-12-31,18447,316.49
2024-12-31,18450,593.31
2024-12-31,18451,311.44
2024-12-31,18453,165.41
2024-12-31,18454,217.95
2024-12-31,18455,232.63
2024-12-31,18456,592.75
2024-12-31,18458,362.35
2024-12-31,18462,173.05
2024-12-31,18464,482.51
2024-12-31,18466,464.04
2024-12-31,18467,221.21
2024-12-31,18468,405.71
2024-12-31,18473,316.68
2024-12-31,18476,130.26
2024-12-31,18477,431.55
2024-12-31,18479,319.28
2024-12-31,18482,623.75
2024-12-31,18486,267.31
2024-12-31,18487,183.42
2024-12-31,18488,255.31
2024-12-31,18491,252.18
2024-12-31,18494,353.98
2024-12-31,18496,313.41
2024-12-31,18497,295.64
2024-12-31,18500,330.1
2024-12-31,18501,364.32
2024-12-31,18502,734.18
2024-12-31,18504,285.73
2024-12-31,18509,748.33
2024-12-31,18510,232.19
2024-12-31,18512,292.23
2024-12-31,18514,680.44
2024-12-31,18516,365.82
2024-12-31,18517,192.09
2024-12-31,18522,138.98
2024-12-31,18523,472.74
2024-12-31,18524,109.44
2024-12-31,18526,239.81
2024-12-31,18527,647.1
2024-12-31,18535,259.84
2024-12-31,18536,140.95
2024-12-31,18537,262.72
2024-12-31,18538,179.73
2024-12-31,18541,515.88
2024-12-31,18546,936.24
2024-12-31,18552,380.88
2024-12-31,18554,556.96
2024-12-31,18556,258.27
2024-12-31,18559,195.23
2024-12-31,18560,444.79
2024-12-31,18561,273.37
2024-12-31,18562,264.38
2024-12-31,18563,289.79
2024-12-31,18564,419.8
2024-12-31,18565,165.49
2024-12-31,18566,490.56
2024-12-31,18567,727.45
2024-12-31,18570,249.48
2024-12-31,18574,226.64
2024-12-31,18577,444.82
2024-12-31,18578,238.75
2024-12-31,18580,204.85
2024-12-31,18581,207.27
2024-12-31,18586,335.22
2024-12-31,18587,175.14
2024-12-31,18588,278.05
2024-12-31,18591,259.7
2024-12-31,18592,224.78
2024-12-31,18593,454.73
2024-12-31,18594,707.93
2024-12-31,18596,194.02
2024-12-31,18597,389.12
2024-12-31,18599,348.54
2024-12-31,18600,250.36
2024-12-31,18602,329.84
2024-12-31,18606,231.05
2024-12-31,18608,397.15
2024-12-31,18613,249.35
2024-12-31,18615,258.03
2024-12-31,18616,223.35
2024-12-31,18618,375.62
2024-12-31,18619,276.6
2024-12-31,18621,117.44
2024-12-31,18624,152.05
2024-12-31,18625,308.2
2024-12-31,18626,277.05
2024-12-31,18628,339.66
2024-12-31,18630,421.76
2024-12-31,18635,277.29
2024-12-31,18637,325.01
2024-12-31,18641,270.02
2024-12-31,18642,284.04
2024-12-31,18644,386.43
2024-12-31,18645,187.26
2024-12-31,18646,188.42
2024-12-31,18647,230.69
2024-12-31,18648,114.19
2024-12-31,18649,222.38
2024-12-31,18650,269
2024-12-31,18651,359.98
2024-12-31,18652,296.03
2024-12-31,18654,401.36
2024-12-31,18655,326.3
2024-12-31,18660,558.04
2024-12-31,18662,186.89
2024-12-31,18668,288.77
2024-12-31,18669,315.46
2024-12-31,18671,346.25
2024-12-31,18672,318.3
2024-12-31,18676,431.83
2024-12-31,18678,756.41
2024-12-31,18681,163.06
2024-12-31,18683,238.15
2024-12-31,18684,222.45
2024-12-31,18685,586.87
2024-12-31,18686,144.61
2024-12-31,18688,560.96
2024-12-31,18695,556.9
2024-12-31,18696,134.16
2024-12-31,18698,312.54
2024-12-31,18700,162.39
2024-12-31,18702,297.75
2024-12-31,18703,269.65
2024-12-31,18705,224.21
2024-12-31,18707,128.79
2024-12-31,18708,380.44
2024-12-31,18709,209.84
2024-12-31,18710,524.48
2024-12-31,18712,641.31
2024-12-31,18713,408.29
2024-12-31,18723,161.95
2024-12-31,18724,144.96
2024-12-31,18730,105.8
2024-12-31,18731,405.46
2024-12-31,18733,284.25
2024-12-31,18739,537.06
2024-12-31,18740,282.28
2024-12-31,18741,179.35
2024-12-31,18742,461.03
2024-12-31,18746,407.18
2024-12-31,18747,266.84
2024-12-31,18748,601.49
2024-12-31,18750,539.25
2024-12-31,18751,280.56
2024-12-31,18755,358.91
2024-12-31,18756,659.45
2024-12-31,18761,355.29
2024-12-31,18762,401.08
2024-12-31,18763,499.69
2024-12-31,18764,460.44
2024-12-31,18766,292
2024-12-31,18767,325.59
2024-12-31,18769,258.8
2024-12-31,18773,272.48
2024-12-31,18774,154.91
2024-12-31,18778,210.88
2024-12-31,18780,286.25
2024-12-31,18781,404.67
2024-12-31,18784,289.71
2024-12-31,18786,489.8
2024-12-31,18790,126.91
2024-12-31,18795,455.98
2024-12-31,18796,296.36
2024-12-31,18798,212.89
2024-12-31,18799,564.43
2024-12-31,18803,239.08
2024-12-31,18805,435.61
2024-12-31,18811,402.45
2024-12-31,18813,775.32
2024-12-31,18814,154.69
2024-12-31,18815,525.38
2024-12-31,18819,343.18
2024-12-31,18821,201.28
2024-12-31,18824,351.89
2024-12-31,18826,153.98
2024-12-31,18828,591.85
2024-12-31,18829,258.13
2024-12-31,18833,345.8
2024-12-31,18834,390.91
2024-12-31,18835,183.36
2024-12-31,18838,251.32
2024-12-31,18840,683.86
2024-12-31,18841,637.5
2024-12-31,18842,420.44
2024-12-31,18843,650.48
2024-12-31,18844,396.99
2024-12-31,18847,280.49
2024-12-31,18848,324.54
2024-12-31,18849,216.43
2024-12-31,18852,186.71
2024-12-31,18855,382.35
2024-12-31,18860,494.34
2024-12-31,18861,612.68
2024-12-31,18863,251.23
2024-12-31,18864,209.09
2024-12-31,18865,214.84
2024-12-31,18867,266.27
2024-12-31,18869,211.92
2024-12-31,18870,344.51
2024-12-31,18873,300.06
2024-12-31,18876,678.96
2024-12-31,18881,276.28
2024-12-31,18882,553.43
2024-12-31,18884,191.11
2024-12-31,18886,442.52
2024-12-31,18887,182.86
2024-12-31,18890,522.27
2024-12-31,18892,491.24
2024-12-31,18893,187.29
2024-12-31,18896,279.41
2024-12-31,18899,766.04
2024-12-31,18907,764.44
2024-12-31,18908,382.74
2024-12-31,18911,768.97
2024-12-31,18916,405.05
2024-12-31,18918,703.5
2024-12-31,18919,101.86
2024-12-31,18920,301.38
2024-12-31,18921,126.72
2024-12-31,18922,327.98
2024-12-31,18923,216.73
2024-12-31,18924,242.92
2024-12-31,18925,304.82
2024-12-31,18929,511.97
2024-12-31,18930,783.76
2024-12-31,18935,238.19
2024-12-31,18937,250.76
2024-12-31,18938,415.33
2024-12-31,18939,508.46
2024-12-31,18940,209.57
2024-12-31,18944,306.93
2024-12-31,18945,309.97
2024-12-31,18947,171.87
2024-12-31,18948,293.68
2024-12-31,18951,261.63
2024-12-31,18952,150.94
2024-12-31,18953,298.62
2024-12-31,18954,238.13
2024-12-31,18955,471.34
2024-12-31,18956,522.79
2024-12-31,18962,305.61
2024-12-31,18963,274.78
2024-12-31,18964,373.02
2024-12-31,18969,324.23
2024-12-31,18970,281.58
2024-12-31,18971,145.92
2024-12-31,18977,167.65
2024-12-31,18979,447.8
2024-12-31,18984,335.77
2024-12-31,18985,229.48
2024-12-31,18987,268.24
2024-12-31,18989,540.15
2024-12-31,18990,165.81
2024-12-31,18993,656.87
2024-12-31,18994,212.54
2024-12-31,18995,177.84
2024-12-31,18999,616.38
2024-12-31,19000,311.96
2024-12-31,19009,350
2024-12-31,19011,514.68
2024-12-31,19012,120.94
2024-12-31,19015,277.79
2024-12-31,19016,234.32
2024-12-31,19017,205.85
2024-12-31,19019,546.92
2024-12-31,19020,289.18
2024-12-31,19021,82.6
2024-12-31,19022,456.21
2024-12-31,19024,344.24
2024-12-31,19028,203.45
2024-12-31,19029,374.39
2024-12-31,19030,210.14
2024-12-31,19031,662.31
2024-12-31,19032,572.62
2024-12-31,19034,144.46
2024-12-31,19035,416.07
2024-12-31,19036,289.88
2024-12-31,19037,293.1
2024-12-31,19038,958.65
2024-12-31,19039,305.85
2024-12-31,19041,236.51
2024-12-31,19042,263.73
2024-12-31,19043,281.97
2024-12-31,19044,255.42
2024-12-31,19045,343.75
2024-12-31,19046,337.95
2024-12-31,19047,503.34
2024-12-31,19049,101.78
2024-12-31,19051,639.33
2024-12-31,19052,349.92
2024-12-31,19055,590.88
2024-12-31,19059,306.2
2024-12-31,19061,307.84
2024-12-31,19063,511.39
2024-12-31,19065,205.49
2024-12-31,19066,186.96
2024-12-31,19068,304.42
2024-12-31,19069,141.98
2024-12-31,19070,433.29
2024-12-31,19073,381.81
2024-12-31,19079,246.61
2024-12-31,19084,581.48
2024-12-31,19085,469.39
2024-12-31,19087,1180.08
2024-12-31,19088,396.76
2024-12-31,19090,252.34
2024-12-31,19091,237.47
2024-12-31,19093,376.68
2024-12-31,19095,185.04
2024-12-31,19096,186.8
2024-12-31,19097,304
2024-12-31,19103,200.38
2024-12-31,19107,703.4
2024-12-31,19108,159.97
2024-12-31,19110,398.48
2024-12-31,19111,271.5
2024-12-31,19112,170.41
2024-12-31,19113,259.53
2024-12-31,19114,255.33
2024-12-31,19115,204.57
2024-12-31,19116,144.8
2024-12-31,19117,248.99
2024-12-31,19121,207.39
2024-12-31,19125,140.45
2024-12-31,19126,378.44
2024-12-31,19127,458.42
2024-12-31,19129,191.98
2024-12-31,19134,168.71
2024-12-31,19135,199.61
2024-12-31,19137,270.21
2024-12-31,19140,167.3
2024-12-31,19142,118.79
2024-12-31,19143,788.16
2024-12-31,19144,275.68
2024-12-31,19149,202.54
2024-12-31,19151,196.26
2024-12-31,19152,181.04
2024-12-31,19156,189.78
2024-12-31,19157,188.33
2024-12-31,19159,226.85
2024-12-31,19161,172.31
2024-12-31,19163,452.49
2024-12-31,19164,245.42
2024-12-31,19165,392.94
2024-12-31,19166,450.63
2024-12-31,19167,158.49
2024-12-31,19168,233.71
2024-12-31,19169,524.14
2024-12-31,19170,285.25
2024-12-31,19171,369.42
2024-12-31,19174,177.86
2024-12-31,19178,485.41
2024-12-31,19180,337.72
2024-12-31,19182,196.95
2024-12-31,19183,223.21
2024-12-31,19185,411.67
2024-12-31,19188,217.05
2024-12-31,19191,208.47
2024-12-31,19192,287.05
2024-12-31,19198,209.74
2024-12-31,19201,163.94
2024-12-31,19204,180.99
2024-12-31,19205,323.49
2024-12-31,19209,440.96
2024-12-31,19211,255.73
2024-12-31,19212,614.28
2024-12-31,19213,333
2024-12-31,19215,366.39
2024-12-31,19216,165.47
2024-12-31,19218,236.44
2024-12-31,19221,158.95
2024-12-31,19223,636.11
2024-12-31,19224,330.1
2024-12-31,19225,538.96
2024-12-31,19227,270.52
2024-12-31,19230,105.47
2024-12-31,19231,214.39
2024-12-31,19234,243.65
2024-12-31,19236,238.46
2024-12-31,19238,610.64
2024-12-31,19239,561.47
2024-12-31,19245,328.21
2024-12-31,19248,342.25
2024-12-31,19249,365.87
2024-12-31,19252,113.78
2024-12-31,19253,339.71
2024-12-31,19254,597.33
2024-12-31,19255,295.49
2024-12-31,19257,424.34
2024-12-31,19261,193.23
2024-12-31,19263,434.71
2024-12-31,19268,401.56
2024-12-31,19271,146.08
2024-12-31,19272,554.21
2024-12-31,19273,213.58
2024-12-31,19275,154.09
2024-12-31,19276,250.01
2024-12-31,19277,190.88
2024-12-31,19278,275.65
2024-12-31,19280,180.05
2024-12-31,19281,511.23
2024-12-31,19284,590.69
2024-12-31,19286,236.25
2024-12-31,19288,378.52
2024-12-31,19289,219.29
2024-12-31,19292,298.27
2024-12-31,19293,268.45
2024-12-31,19300,275.92
2024-12-31,19301,135.17
2024-12-31,19304,946.12
2024-12-31,19305,529.78
2024-12-31,19308,267.8
2024-12-31,19309,297.66
2024-12-31,19310,281.76
2024-12-31,19312,176.25
2024-12-31,19313,298.23
2024-12-31,19316,236.76
2024-12-31,19318,358.92
2024-12-31,19319,173.98
2024-12-31,19320,362.85
2024-12-31,19321,139.63
2024-12-31,19325,192.37
2024-12-31,19326,277.85
2024-12-31,19327,568.4
2024-12-31,19329,605.29
2024-12-31,19331,171.93
2024-12-31,19336,340.98
2024-12-31,19337,283.87
2024-12-31,19338,239.3
2024-12-31,19341,248.91
2024-12-31,19342,189.95
2024-12-31,19343,255.75
2024-12-31,19347,597.02
2024-12-31,19348,262.53
2024-12-31,19349,192.96
2024-12-31,19350,774.06
2024-12-31,19351,394.53
2024-12-31,19353,262.21
2024-12-31,19355,436.33
2024-12-31,19356,307.1
2024-12-31,19359,324.09
2024-12-31,19360,147.4
2024-12-31,19361,285.9
2024-12-31,19362,338.07
2024-12-31,19363,354.69
2024-12-31,19365,159.15
2024-12-31,19366,324.81
2024-12-31,19370,320.62
2024-12-31,19371,464.41
2024-12-31,19372,567.48
2024-12-31,19374,373.58
2024-12-31,19376,188.49
2024-12-31,19379,567.18
2024-12-31,19380,331.61
2024-12-31,19381,256.17
2024-12-31,19382,284.66
2024-12-31,19383,462.27
2024-12-31,19385,280.76
2024-12-31,19387,289.96
2024-12-31,19388,446.91
2024-12-31,19390,195.55
2024-12-31,19394,456.19
2024-12-31,19395,190.97
2024-12-31,19396,572.63
2024-12-31,19397,314.39
2024-12-31,19398,162.81
2024-12-31,19399,152.77
2024-12-31,19400,222.89
2024-12-31,19401,477.35
2024-12-31,19402,651.61
2024-12-31,19403,475.24
2024-12-31,19404,774.56
2024-12-31,19405,190.76
2024-12-31,19410,267.37
2024-12-31,19411,70.58
2024-12-31,19412,257.43
2024-12-31,19417,86.81
2024-12-31,19419,198.73
2024-12-31,19421,231.73
2024-12-31,19423,1327.09
2024-12-31,19425,247.69
2024-12-31,19427,282.48
2024-12-31,19429,683.29
2024-12-31,19430,211.07
2024-12-31,19431,354.96
2024-12-31,19433,195.61
2024-12-31,19434,572.58
2024-12-31,19435,140.44
2024-12-31,19438,112.63
2024-12-31,19440,302.8
2024-12-31,19445,351.57
2024-12-31,19446,947.26
2024-12-31,19450,188.36
2024-12-31,19451,162.13
2024-12-31,19455,336.3
2024-12-31,19457,261.76
2024-12-31,19458,248.54
2024-12-31,19459,207.78
2024-12-31,19462,609.05
2024-12-31,19463,399.39
2024-12-31,19466,315.91
2024-12-31,19471,308.61
2024-12-31,19472,444.72
2024-12-31,19475,516.93
2024-12-31,19477,170.41
2024-12-31,19479,287.39
2024-12-31,19480,442.35
2024-12-31,19481,534.05
2024-12-31,19482,594.14
2024-12-31,19486,127.53
2024-12-31,19487,185.9
2024-12-31,19488,172.79
2024-12-31,19489,611.12
2024-12-31,19490,258.77
2024-12-31,19491,646.43
2024-12-31,19492,706.69
2024-12-31,19493,452.8
2024-12-31,19494,305.13
2024-12-31,19495,580.23
2024-12-31,19496,350.83
2024-12-31,19498,181.94
2024-12-31,19500,339.45
2024-12-31,19506,667.08
2024-12-31,19508,196.14
2024-12-31,19515,130.29
2024-12-31,19517,385.18
2024-12-31,19520,287.78
2024-12-31,19525,212.08
2024-12-31,19531,275.8
2024-12-31,19532,259.34
2024-12-31,19534,281.04
2024-12-31,19535,205.14
2024-12-31,19537,429.56
2024-12-31,19538,291.19
2024-12-31,19539,270.73
2024-12-31,19540,284.44
2024-12-31,19541,208.88
2024-12-31,19545,346.7
2024-12-31,19548,492.57
2024-12-31,19549,207.41
2024-12-31,19550,217.16
2024-12-31,19553,522.08
2024-12-31,19557,184.02
2024-12-31,19559,266.05
2024-12-31,19561,263.72
2024-12-31,19562,268.26
2024-12-31,19563,610.33
2024-12-31,19564,868.41
2024-12-31,19565,286.62
2024-12-31,19566,254.87
2024-12-31,19572,247.5
2024-12-31,19573,451.15
2024-12-31,19574,654.75
2024-12-31,19575,394.15
2024-12-31,19578,560.75
2024-12-31,19579,539.34
2024-12-31,19580,351.11
2024-12-31,19584,328.05
2024-12-31,19585,189.55
2024-12-31,19588,287.26
2024-12-31,19589,120.67
2024-12-31,19592,199.18
2024-12-31,19593,389.93
2024-12-31,19594,326.66
2024-12-31,19598,873.89
2024-12-31,19599,149.49
2024-12-31,19601,371.3
2024-12-31,19606,240.8
2024-12-31,19607,1032.25
2024-12-31,19610,283.83
2024-12-31,19611,372.48
2024-12-31,19613,321.75
2024-12-31,19616,143.92
2024-12-31,19617,189.14
2024-12-31,19618,360.55
2024-12-31,19623,770.85
2024-12-31,19624,551.75
2024-12-31,19625,328.85
2024-12-31,19627,549.98
2024-12-31,19628,510.62
2024-12-31,19630,274.49
2024-12-31,19631,282.48
2024-12-31,19633,304.38
2024-12-31,19635,60.9
2024-12-31,19636,306.06
2024-12-31,19639,450.76
2024-12-31,19640,262.81
2024-12-31,19646,267.76
2024-12-31,19647,591.91
2024-12-31,19648,182.85
2024-12-31,19657,307.4
2024-12-31,19658,663.26
2024-12-31,19661,223.43
2024-12-31,19663,659
2024-12-31,19664,141.15
2024-12-31,19665,118.32
2024-12-31,19666,285.63
2024-12-31,19668,456.28
2024-12-31,19669,343.71
2024-12-31,19670,159.45
2024-12-31,19671,702.69
2024-12-31,19672,289.11
2024-12-31,19674,350.4
2024-12-31,19675,700.4
2024-12-31,19679,629.8
2024-12-31,19680,268.1
2024-12-31,19682,608.3
2024-12-31,19684,194.25
2024-12-31,19686,459.02
2024-12-31,19687,352.51
2024-12-31,19689,365.28
2024-12-31,19690,126.87
2024-12-31,19691,295.85
2024-12-31,19692,268.25
2024-12-31,19693,287.93
2024-12-31,19696,331.73
2024-12-31,19698,367.2
2024-12-31,19700,313.65
2024-12-31,19701,641.84
2024-12-31,19702,200.63
2024-12-31,19703,329.94
2024-12-31,19706,106.56
2024-12-31,19709,454.68
2024-12-31,19710,155.53
2024-12-31,19711,253.18
2024-12-31,19712,338.68
2024-12-31,19713,243.66
2024-12-31,19716,367.96
2024-12-31,19717,245.47
2024-12-31,19719,436.44
2024-12-31,19720,450.24
2024-12-31,19724,125.01
2024-12-31,19726,207.23
2024-12-31,19728,428.38
2024-12-31,19729,413.37
2024-12-31,19732,547.51
2024-12-31,19733,485.54
2024-12-31,19736,274.85
2024-12-31,19738,204.35
2024-12-31,19740,225.48
2024-12-31,19741,526.66
2024-12-31,19743,228.07
2024-12-31,19746,435.18
2024-12-31,19747,368.49
2024-12-31,19748,415.01
2024-12-31,19754,243.44
2024-12-31,19756,333.8
2024-12-31,19758,776.37
2024-12-31,19763,354.98
2024-12-31,19764,320.51
2024-12-31,19765,477.75
2024-12-31,19767,390.7
2024-12-31,19768,275.83
2024-12-31,19769,222.91
2024-12-31,19770,492.31
2024-12-31,19771,278.98
2024-12-31,19774,313.82
2024-12-31,19776,231.05
2024-12-31,19778,280.25
2024-12-31,19779,190.75
2024-12-31,19781,437.85
2024-12-31,19782,268.79
2024-12-31,19784,235.07
2024-12-31,19786,370.7
2024-12-31,19790,228.08
2024-12-31,19791,705.28
2024-12-31,19792,465.81
2024-12-31,19793,297.38
2024-12-31,19794,162.24
2024-12-31,19798,690.51
2024-12-31,19800,464.71
2024-12-31,19801,221.51
2024-12-31,19802,427.38
2024-12-31,19803,284.68
2024-12-31,19804,210.91
2024-12-31,19805,305.17
2024-12-31,19807,439.64
2024-12-31,19809,262.33
2024-12-31,19811,303.48
2024-12-31,19812,141.2
2024-12-31,19813,588.42
2024-12-31,19814,93.2
2024-12-31,19819,353.81
2024-12-31,19821,301.94
2024-12-31,19823,467.38
2024-12-31,19826,813.82
2024-12-31,19828,277.71
2024-12-31,19831,271.33
2024-12-31,19835,288.83
2024-12-31,19837,251.06
2024-12-31,19841,321.82
2024-12-31,19843,195.28
2024-12-31,19844,700.47
2024-12-31,19846,231.65
2024-12-31,19847,238.02
2024-12-31,19850,413.02
2024-12-31,19851,460.66
2024-12-31,19852,315.64
2024-12-31,19854,517.76
2024-12-31,19855,294.32
2024-12-31,19859,257.98
2024-12-31,19861,252.89
2024-12-31,19863,382.64
2024-12-31,19864,230.37
2024-12-31,19866,272.81
2024-12-31,19867,545.19
2024-12-31,19868,520.09
2024-12-31,19869,267.04
2024-12-31,19871,181.99
2024-12-31,19872,257.18
2024-12-31,19873,288.79
